ID,PregF,Implied Gender,Home/Apt/PO Box,Pregnancy Test,Birth Control,Feminine Hygiene,Folic Acid,Prenatal Vitamins,Prenatal Yoga,Body Pillow,Ginger Ale,Sea Bands,Stopped buying ciggies,Cigarettes,Smoking Cessation,Stopped buying wine,Wine,Maternity Clothes
1,yes,M,A,1,0,0,0,1,0,0,0,0,0,0,0,0,0,0
2,yes,M,H,1,0,0,0,1,0,0,0,0,0,0,0,0,0,0
3,yes,M,H,1,0,0,0,0,0,0,0,1,0,0,0,0,0,0
4,yes,U,H,0,0,0,0,0,0,0,1,0,0,0,0,0,0,0
5,yes,F,A,0,0,0,0,0,1,0,0,0,0,0,0,1,0,0
6,yes,F,H,0,0,0,0,1,0,0,0,0,1,0,0,0,0,0
7,yes,M,H,0,1,0,1,1,0,0,0,0,0,0,0,0,0,0
8,yes,F,H,0,0,0,0,0,0,0,0,0,0,0,0,0,0,1
9,yes,F,H,0,0,0,0,0,0,0,1,0,0,0,0,0,0,0
10,yes,F,H,0,0,0,0,1,0,0,0,0,0,0,0,0,0,1
11,yes,F,H,0,0,0,0,0,0,0,0,0,0,0,0,1,0,0
12,yes,F,A,0,0,0,0,0,0,0,0,0,0,1,0,1,0,0
13,yes,F,H,0,0,0,0,0,0,0,0,0,1,0,1,1,0,0
14,yes,U,A,0,0,0,1,0,0,0,0,0,0,0,1,0,0,0
15,yes,M,A,0,0,0,0,1,0,0,0,1,1,0,0,1,0,1
16,yes,M,H,0,0,0,1,0,0,0,0,0,0,0,0,1,0,0
17,yes,M,P,0,0,0,0,0,0,0,0,0,1,0,0,0,0,0
18,yes,F,H,0,0,0,0,0,0,0,1,0,1,0,0,0,0,0
19,yes,M,A,0,0,0,0,0,0,0,0,0,1,0,0,0,0,0
20,yes,F,H,1,1,0,0,1,0,0,0,0,0,0,1,0,0,1
21,yes,M,A,0,0,1,0,0,0,0,0,0,0,0,0,0,0,0
22,yes,F,H,0,0,1,0,1,0,0,0,0,0,0,0,1,0,0
23,yes,F,P,0,1,0,0,0,0,0,0,0,0,1,0,0,0,0
24,yes,F,H,0,0,0,0,0,0,0,0,0,0,0,0,0,0,0
25,yes,M,A,0,0,0,1,1,0,0,1,0,0,0,0,0,0,1
26,yes,F,A,0,0,0,1,0,1,0,0,0,0,0,0,0,0,1
27,yes,F,H,0,1,0,0,0,0,0,0,0,0,0,0,1,0,0
28,yes,M,H,0,0,1,1,0,0,1,0,0,0,0,0,0,0,1
29,yes,M,A,0,0,0,1,0,0,0,0,0,0,0,0,1,0,0
30,yes,F,A,0,0,0,0,0,0,0,0,0,0,0,0,0,0,0
31,yes,F,A,1,0,0,0,0,0,0,0,0,0,0,1,0,0,0
32,yes,F,A,0,0,0,1,0,0,0,0,1,0,0,0,0,0,0
33,yes,M,H,0,0,0,0,0,0,0,0,0,0,0,1,0,0,0
34,yes,U,A,0,0,0,0,0,0,0,0,0,0,0,0,0,1,1
35,yes,F,A,0,0,0,0,0,0,0,0,0,1,0,0,1,0,0
36,yes,M,H,0,0,0,0,0,0,0,0,0,0,0,0,0,0,0
37,yes,M,H,1,0,0,1,0,0,0,0,0,0,0,0,0,0,1
38,yes,M,A,0,0,0,0,0,0,0,0,0,0,0,0,0,0,0
39,yes,M,H,0,0,0,0,0,0,0,0,0,0,0,0,1,0,0
40,yes,F,P,1,1,0,0,0,0,0,1,0,0,0,1,0,0,0
41,yes,M,A,0,0,0,0,0,0,0,0,0,0,0,0,1,0,0
42,yes,M,A,0,0,0,0,0,0,0,0,1,0,0,0,0,0,0
43,yes,F,A,0,0,0,0,0,0,0,0,0,0,0,0,0,1,0
44,yes,F,A,0,0,0,1,0,0,0,0,0,0,0,0,0,0,0
45,yes,M,A,0,0,1,0,0,1,0,0,0,0,0,0,0,0,1
46,yes,F,H,0,0,0,0,0,0,0,0,0,0,0,0,0,0,0
47,yes,F,H,0,0,0,1,0,0,0,1,0,0,0,0,0,1,1
48,yes,F,P,0,0,0,1,0,0,0,0,0,0,0,0,0,0,0
49,yes,M,H,0,0,0,0,0,0,0,1,0,1,0,0,0,0,0
50,yes,F,H,1,0,0,0,1,0,0,0,0,1,0,1,1,0,0
51,yes,M,A,0,0,0,1,0,0,0,0,0,0,0,0,1,0,0
52,yes,M,H,0,0,0,0,0,0,0,0,0,0,0,0,0,0,0
53,yes,U,H,0,0,0,1,0,0,0,0,0,0,0,0,0,0,0
54,yes,F,H,0,0,0,0,0,0,0,0,0,0,0,0,0,0,1
55,yes,F,H,1,0,1,0,1,0,0,0,0,0,0,0,1,0,0
56,yes,U,H,1,0,0,1,1,0,0,0,0,0,0,0,0,0,0
57,yes,M,P,0,0,0,0,0,0,0,0,0,1,0,0,0,0,0
58,yes,F,H,0,0,0,1,0,0,0,1,0,0,0,0,0,0,0
59,yes,U,A,0,0,0,0,0,0,0,0,0,0,0,0,0,0,0
60,yes,M,P,0,1,0,1,1,0,0,0,0,0,0,0,0,0,0
61,yes,F,H,0,0,0,0,0,0,0,0,0,0,0,0,1,0,1
62,yes,F,A,0,0,0,0,0,0,0,0,0,1,0,0,1,0,1
63,yes,M,A,0,0,0,1,0,0,0,0,0,0,0,0,0,0,0
64,yes,F,A,0,0,0,0,0,0,0,0,0,1,0,0,1,0,1
65,yes,M,A,0,0,0,0,0,0,0,0,0,0,0,0,0,0,0
66,yes,M,A,0,0,0,0,0,0,1,0,0,0,0,1,0,0,0
67,yes,M,A,0,0,0,0,0,0,0,0,0,0,0,0,1,0,1
68,yes,U,A,0,0,0,0,0,0,0,1,0,0,0,0,0,1,0
69,yes,M,A,0,0,0,1,0,0,0,0,0,1,0,0,0,0,0
70,yes,F,H,0,0,0,0,1,0,0,0,0,0,0,0,0,0,0
71,yes,F,H,0,0,0,0,0,0,0,0,0,1,0,1,0,0,1
72,yes,U,A,0,0,0,0,0,0,0,0,1,0,0,0,0,0,0
73,yes,M,P,0,0,0,1,0,0,0,0,0,0,1,0,0,0,0
74,yes,M,H,0,0,0,0,0,0,0,1,0,0,0,0,0,0,0
75,yes,F,A,0,0,0,0,1,0,0,0,0,0,1,0,0,0,1
76,yes,M,A,0,0,0,1,1,0,0,0,0,1,0,0,0,0,0
77,yes,F,A,0,0,0,0,0,0,0,0,0,1,0,0,0,0,0
78,yes,F,A,1,0,0,0,0,0,0,0,0,0,0,0,0,0,1
79,yes,F,P,0,0,0,1,0,0,0,0,0,0,0,0,0,0,0
80,yes,F,A,0,0,0,0,1,0,0,0,0,0,0,0,0,0,0
81,yes,F,H,0,0,0,0,0,0,0,0,0,0,0,0,1,0,0
82,yes,M,H,0,0,0,0,0,1,0,0,0,0,0,0,0,0,0
83,yes,U,P,1,0,0,0,0,0,0,1,0,0,0,0,0,0,0
84,yes,F,A,0,0,1,0,0,0,0,0,0,0,0,0,0,0,0
85,yes,F,H,0,0,0,0,0,0,0,1,0,0,0,0,1,0,0
86,yes,F,A,1,0,0,1,1,0,0,1,0,1,0,0,0,0,0
87,yes,U,A,0,0,0,0,0,0,0,0,0,0,0,0,0,0,0
88,yes,F,H,1,0,0,0,1,0,0,0,0,1,0,0,1,0,0
89,yes,U,A,0,0,0,0,0,0,0,0,1,0,0,0,0,0,0
90,yes,M,H,1,0,1,0,0,1,0,0,0,0,0,0,0,0,0
91,yes,F,A,0,0,0,0,1,0,0,0,0,0,0,0,0,0,0
92,yes,F,H,0,0,0,1,0,0,0,1,0,0,0,0,0,1,1
93,yes,F,A,0,0,0,0,0,0,0,0,0,1,0,0,1,0,0
94,yes,M,H,0,0,1,0,0,0,0,0,0,0,0,0,1,0,1
95,yes,M,A,0,0,0,0,0,0,0,0,0,0,0,0,0,0,0
96,yes,F,A,0,0,0,0,1,0,0,0,0,0,0,0,0,0,0
97,yes,F,P,0,0,0,0,0,0,0,0,0,0,0,0,0,0,0
98,yes,M,H,0,0,0,1,0,0,0,0,0,0,0,0,1,0,0
99,yes,U,A,0,0,1,0,0,0,0,0,0,0,0,0,0,0,0
100,yes,M,H,0,0,0,0,0,1,0,0,0,0,0,0,0,0,0
101,yes,M,H,0,0,0,1,0,0,0,0,0,0,0,0,0,0,0
102,yes,F,A,0,0,0,0,0,0,0,1,0,0,1,1,0,0,0
103,yes,F,H,0,0,1,0,0,0,0,0,0,0,0,0,0,0,0
104,yes,M,A,0,0,0,0,1,1,0,0,0,0,0,0,0,0,0
105,yes,U,H,0,0,0,0,0,0,1,0,0,0,0,0,0,0,1
106,yes,M,A,0,0,0,0,1,0,0,0,0,0,0,0,1,0,0
107,yes,M,A,0,0,0,0,0,0,0,0,0,0,0,0,0,0,1
108,yes,F,H,1,0,0,0,0,0,0,0,0,0,0,0,0,0,1
109,yes,F,A,0,0,0,0,1,0,0,1,0,0,0,0,0,0,0
110,yes,M,H,1,0,0,0,0,0,0,1,0,0,0,0,0,0,0
111,yes,M,H,0,0,0,0,0,0,0,0,0,0,0,0,0,0,0
112,yes,M,H,0,0,0,0,0,0,0,1,0,0,0,1,0,0,0
113,yes,F,A,0,0,0,0,0,0,0,0,0,0,0,0,0,0,0
114,yes,M,A,0,0,0,1,0,0,0,0,0,0,0,0,0,0,0
115,yes,M,A,0,0,0,0,0,0,0,0,0,0,0,0,0,0,0
116,yes,M,H,0,0,0,0,0,0,0,0,0,1,0,0,0,0,0
117,yes,M,A,0,0,0,0,0,0,0,1,0,0,0,0,0,0,0
118,yes,F,H,0,0,0,0,0,1,0,1,0,0,0,0,0,0,1
119,yes,U,H,0,0,0,0,0,0,0,0,0,0,0,0,0,0,1
120,yes,M,H,0,0,1,0,0,0,1,0,0,0,0,0,0,0,1
121,yes,F,A,0,1,0,0,0,0,0,1,0,0,0,0,0,0,0
122,yes,M,A,0,0,0,0,0,0,0,0,0,0,0,0,0,0,1
123,yes,M,H,0,0,0,1,1,0,0,0,0,0,0,0,0,0,0
124,yes,F,A,0,0,0,0,0,0,0,0,0,0,0,0,0,0,0
125,yes,F,H,1,0,0,1,0,0,0,0,1,0,0,0,0,0,1
126,yes,U,A,0,0,0,0,0,0,0,0,0,0,0,0,0,0,0
127,yes,F,P,0,0,0,0,0,0,0,0,0,0,0,0,0,0,0
128,yes,F,H,0,0,0,0,1,0,1,0,0,1,0,0,0,0,1
129,yes,M,H,0,0,0,1,0,0,0,0,0,0,1,0,1,0,0
130,yes,F,A,1,0,1,1,0,1,0,0,0,0,0,0,0,0,0
131,yes,M,H,0,0,0,0,1,0,1,0,0,1,0,0,1,0,0
132,yes,F,H,0,0,0,1,0,0,0,1,0,0,0,0,1,0,0
133,yes,U,H,0,0,0,0,0,0,0,0,0,0,0,0,0,0,1
134,yes,M,H,0,0,0,0,0,0,0,0,0,0,0,0,0,0,0
135,yes,F,H,0,0,0,0,1,0,0,0,0,0,0,0,0,0,0
136,yes,M,H,0,0,0,0,0,0,0,0,0,0,0,0,0,0,0
137,yes,F,P,0,0,0,0,0,0,0,0,0,0,0,0,0,0,0
138,yes,M,H,0,0,0,0,1,0,0,0,0,0,0,0,0,0,0
139,yes,M,H,0,0,0,1,0,0,0,0,0,0,0,0,1,0,0
140,yes,U,H,0,0,0,1,0,0,0,0,0,0,0,0,0,0,0
141,yes,F,A,1,0,0,0,1,0,0,0,0,0,0,0,1,0,0
142,yes,U,A,1,0,0,0,0,0,0,0,0,0,0,0,0,0,0
143,yes,F,H,0,0,0,0,0,0,0,0,0,0,0,0,0,0,0
144,yes,M,H,0,0,1,1,0,0,0,0,0,0,0,0,0,0,0
145,yes,F,A,0,0,0,0,0,0,0,0,0,1,0,0,1,0,0
146,yes,F,A,1,0,0,0,0,0,0,0,0,0,0,0,0,0,0
147,yes,F,H,0,0,0,0,0,0,0,0,0,0,0,0,0,0,0
148,yes,F,H,1,1,0,0,1,0,0,0,0,0,0,0,1,0,0
149,yes,M,H,0,0,0,0,0,0,0,0,0,0,0,0,1,0,1
150,yes,F,H,0,0,0,0,0,0,0,1,0,0,0,0,1,0,0
151,yes,F,A,0,0,0,0,0,0,0,0,0,0,0,0,0,1,0
152,yes,M,P,0,0,0,0,0,0,0,1,0,0,0,0,1,0,0
153,yes,F,A,0,0,0,0,0,0,0,0,0,0,0,0,1,0,0
154,yes,F,H,0,0,0,0,0,0,0,0,0,0,1,0,0,0,1
155,yes,F,H,0,0,0,0,0,0,0,0,0,0,0,0,1,0,0
156,yes,F,H,0,0,0,1,0,0,0,0,0,1,0,0,0,0,0
157,yes,U,P,0,0,0,0,0,0,0,1,0,0,0,0,0,0,1
158,yes,U,A,0,0,0,0,1,0,0,0,0,0,0,0,0,0,0
159,yes,M,H,0,0,0,0,1,0,0,1,0,0,1,0,0,0,1
160,yes,F,H,0,0,0,0,1,0,0,1,0,0,0,1,0,0,1
161,yes,M,A,0,0,1,0,0,0,0,0,0,0,0,0,0,0,0
162,yes,M,A,0,0,0,0,0,0,0,0,0,0,0,0,0,1,0
163,yes,F,H,0,0,1,0,0,0,0,0,0,0,0,0,0,0,1
164,yes,M,A,0,0,0,0,0,0,0,0,0,0,0,0,1,0,0
165,yes,F,H,0,0,0,0,1,0,0,0,0,1,0,0,1,0,0
166,yes,M,H,1,0,0,1,0,0,0,0,0,0,0,1,0,0,1
167,yes,U,H,0,0,0,0,1,0,0,0,0,0,0,0,0,0,0
168,yes,M,A,0,0,0,0,0,0,0,0,0,0,0,0,0,0,0
169,yes,U,P,0,0,0,0,0,0,0,0,0,0,0,0,0,0,0
170,yes,F,A,0,0,0,0,0,0,0,0,0,0,0,0,0,0,0
171,yes,M,H,0,0,0,0,0,0,0,0,0,0,0,1,1,0,0
172,yes,M,A,0,0,0,0,0,0,0,0,0,0,0,0,0,0,0
173,yes,M,A,0,0,0,0,0,0,0,0,0,0,0,0,0,0,0
174,yes,F,H,1,0,0,0,0,0,0,0,0,0,0,0,0,0,1
175,yes,F,A,0,0,0,0,0,0,0,0,0,0,0,0,0,0,0
176,yes,U,A,0,0,0,0,0,0,0,0,0,1,0,0,0,0,0
177,yes,U,A,0,0,0,0,0,0,0,0,0,0,0,1,1,0,1
178,yes,F,H,0,0,0,0,1,0,0,0,0,0,0,0,0,0,0
179,yes,F,H,0,0,0,0,0,0,0,0,0,0,1,0,0,0,0
180,yes,F,H,1,0,0,0,1,0,0,0,0,0,0,0,0,0,1
181,yes,F,H,0,0,0,0,1,0,0,0,1,0,0,0,1,0,0
182,yes,F,P,0,0,0,1,1,0,0,0,0,0,0,0,0,0,0
183,yes,F,A,0,0,0,1,0,0,0,0,0,0,0,0,1,0,1
184,yes,M,A,0,0,0,0,0,0,0,1,0,0,0,1,0,0,1
185,yes,F,H,0,0,1,0,0,0,0,0,0,0,1,1,1,0,0
186,yes,U,H,1,0,0,0,0,0,0,0,0,0,0,0,1,0,0
187,yes,F,A,0,0,0,0,0,0,0,0,0,0,0,0,0,0,0
188,yes,M,P,1,0,0,0,0,0,0,1,0,0,0,1,0,0,1
189,yes,M,A,0,0,0,1,0,0,0,0,0,1,0,0,0,0,1
190,yes,M,H,0,0,0,0,0,0,0,1,0,0,0,0,0,0,1
191,yes,M,A,1,0,0,0,0,0,0,0,0,0,0,0,0,0,0
192,yes,F,P,0,0,0,1,0,0,0,0,0,0,0,0,0,0,0
193,yes,F,H,0,0,0,1,1,0,0,0,0,0,1,0,0,0,0
194,yes,F,A,0,0,0,0,1,0,0,0,0,0,0,0,0,0,0
195,yes,F,A,0,0,0,0,0,0,0,0,0,0,0,1,0,0,0
196,yes,M,A,0,0,1,1,0,0,0,0,0,0,0,0,0,0,0
197,yes,M,H,1,0,0,0,0,0,0,0,0,1,0,0,1,0,0
198,yes,F,P,0,0,0,0,0,0,0,0,0,1,0,0,0,0,0
199,yes,F,P,0,1,0,0,0,0,0,0,0,0,0,0,0,0,0
200,yes,M,H,0,0,0,0,0,0,0,0,0,0,0,0,0,0,1
201,yes,F,H,0,0,0,1,0,0,0,0,0,0,0,0,0,0,0
202,yes,F,H,0,0,0,0,1,0,0,0,0,0,0,0,0,0,0
203,yes,M,H,0,0,0,1,0,0,0,0,0,0,1,0,0,0,0
204,yes,M,H,0,0,0,1,0,0,0,0,0,0,0,0,0,0,0
205,yes,F,A,0,0,0,0,0,0,0,1,0,0,0,0,0,0,0
206,yes,F,H,0,0,0,0,0,0,0,0,0,0,0,0,0,0,0
207,yes,F,A,0,0,0,0,0,0,0,0,0,0,0,0,0,0,1
208,yes,U,A,0,0,0,0,0,0,0,0,0,0,0,0,0,0,0
209,yes,U,H,0,0,0,0,0,0,0,0,0,0,0,0,0,1,0
210,yes,M,H,1,0,0,0,0,0,0,0,0,0,0,0,0,0,0
211,yes,F,H,0,0,0,1,0,0,0,0,0,1,0,0,0,0,0
212,yes,M,A,0,0,0,0,0,0,0,0,0,0,0,0,1,0,0
213,yes,F,H,0,0,0,0,0,0,0,0,0,1,0,0,0,0,1
214,yes,F,A,0,0,1,0,0,0,0,0,0,1,0,0,0,0,0
215,yes,F,A,0,0,0,0,0,0,0,0,0,0,0,1,0,0,0
216,yes,U,A,1,0,0,0,0,0,0,0,0,0,0,1,1,0,0
217,yes,F,H,0,0,0,0,0,0,0,0,0,0,0,0,0,0,1
218,yes,M,H,0,0,0,1,0,0,0,1,0,0,0,0,0,0,1
219,yes,F,P,0,0,0,0,0,0,0,0,0,0,0,0,0,0,1
220,yes,F,A,0,0,0,0,0,0,0,0,0,0,0,0,0,0,0
221,yes,F,P,0,0,0,0,0,0,0,0,0,0,0,1,0,0,0
222,yes,M,H,0,0,0,1,0,0,0,0,0,0,0,0,0,0,1
223,yes,F,H,0,0,0,0,1,0,0,1,0,0,0,0,0,0,0
224,yes,M,P,0,0,0,0,0,0,0,0,0,0,0,0,1,0,0
225,yes,M,A,0,0,0,0,0,0,0,0,0,0,0,0,0,0,0
226,yes,M,A,0,0,0,1,1,0,0,0,0,0,0,0,0,0,0
227,yes,F,H,0,0,0,0,0,0,0,0,0,0,0,0,1,0,0
228,yes,F,P,0,0,0,0,0,0,0,0,0,1,0,0,0,0,0
229,yes,M,P,0,0,0,0,0,0,0,0,0,0,0,0,0,0,1
230,yes,U,P,0,0,0,0,0,0,1,0,0,0,0,0,1,0,0
231,yes,M,A,0,0,1,0,1,0,0,0,0,0,0,0,0,0,0
232,yes,M,A,1,0,0,0,0,0,0,0,0,0,1,0,0,0,0
233,yes,M,H,1,0,0,0,1,0,0,0,0,0,0,1,0,0,1
234,yes,F,H,0,0,0,0,0,0,0,0,0,0,0,0,0,0,0
235,yes,U,A,1,0,0,0,0,0,0,0,0,1,0,1,1,0,1
236,yes,M,H,0,0,0,0,0,1,0,0,1,0,0,0,0,0,0
237,yes,F,A,0,0,1,0,0,0,0,0,0,1,0,0,0,0,1
238,yes,F,A,0,0,0,0,0,0,0,0,0,0,0,0,0,0,0
239,yes,F,A,0,0,0,0,0,0,0,0,0,0,0,0,0,0,0
240,yes,U,H,0,0,0,1,0,0,0,0,0,0,0,0,0,0,0
241,yes,F,A,0,0,0,0,1,0,0,0,0,0,0,0,0,1,0
242,yes,F,H,0,0,0,0,0,0,0,1,0,0,0,0,0,0,0
243,yes,F,A,0,0,0,0,0,0,0,0,0,0,0,0,0,0,0
244,yes,M,A,0,0,0,0,0,0,0,0,0,0,0,0,0,0,0
245,yes,F,A,0,0,0,0,1,0,0,0,0,0,0,0,0,0,1
246,yes,F,H,0,0,1,0,1,0,0,0,0,0,0,0,1,0,0
247,yes,M,A,0,0,0,0,0,0,0,0,0,0,0,0,0,0,0
248,yes,M,H,0,0,0,0,0,0,0,0,0,1,0,1,0,0,0
249,yes,M,H,1,0,0,0,1,0,0,0,0,0,0,1,1,0,0
250,yes,M,A,0,0,0,0,0,0,0,0,0,0,0,0,0,0,0
251,yes,M,H,0,0,0,0,0,0,0,0,0,0,0,1,1,0,0
252,yes,M,H,0,0,0,0,0,0,0,0,0,0,0,0,0,0,0
253,yes,F,A,0,0,0,0,1,0,0,0,0,1,0,0,0,0,0
254,yes,F,P,0,0,0,0,1,0,0,0,1,0,0,0,1,0,0
255,yes,F,H,1,0,0,0,0,0,0,0,0,0,0,1,0,0,0
256,yes,F,A,0,1,0,1,0,0,0,0,0,0,0,0,0,0,0
257,yes,M,A,0,0,0,0,0,0,0,0,0,0,0,0,0,0,0
258,yes,F,P,0,0,0,0,0,0,0,0,0,0,0,0,0,0,0
259,yes,M,P,0,0,0,1,0,0,0,0,0,1,0,1,0,0,1
260,yes,M,A,0,0,0,0,0,0,0,0,0,0,0,0,1,0,0
261,yes,F,A,0,0,0,0,0,0,0,0,0,0,0,0,0,0,1
262,yes,U,A,0,0,0,1,0,0,0,0,0,0,0,0,0,0,0
263,yes,F,A,0,0,0,0,0,0,0,0,0,0,0,0,0,0,1
264,yes,U,A,0,0,1,0,1,0,0,0,0,1,0,0,0,0,0
265,yes,M,H,0,0,0,0,0,0,0,0,0,1,0,0,1,0,0
266,yes,U,H,0,0,0,0,0,0,0,0,0,0,0,0,0,0,0
267,yes,M,A,0,0,0,0,0,0,0,0,0,0,0,0,1,0,0
268,yes,F,H,0,0,0,1,0,0,0,0,1,0,0,0,0,0,0
269,yes,F,A,0,0,0,0,0,0,0,0,0,0,0,0,0,0,0
270,yes,F,H,1,0,0,1,0,0,0,0,0,0,0,0,0,0,0
271,yes,M,H,0,0,0,0,0,0,0,0,0,0,0,0,0,0,0
272,yes,F,H,0,0,0,1,1,0,0,0,0,0,0,0,0,0,0
273,yes,M,H,0,0,0,0,1,0,0,0,0,0,0,0,0,0,0
274,yes,F,P,0,0,0,0,1,0,0,0,1,0,0,0,0,0,0
275,yes,F,A,0,0,0,0,1,0,0,0,0,0,0,0,0,0,0
276,yes,F,H,0,0,0,0,0,0,0,0,0,0,0,0,0,0,1
277,yes,F,H,0,0,0,0,1,0,0,0,1,1,0,0,0,0,0
278,yes,F,A,0,0,0,0,0,0,0,0,1,0,0,0,0,0,0
279,yes,F,A,0,0,0,0,0,0,0,0,0,0,0,0,0,0,1
280,yes,F,A,0,0,0,1,0,0,0,0,0,0,0,0,0,0,0
281,yes,M,A,0,0,0,0,0,0,0,0,0,1,0,0,0,0,1
282,yes,M,H,0,0,0,0,0,0,0,0,0,0,0,0,0,0,0
283,yes,F,A,0,0,0,0,0,0,0,0,0,0,0,0,0,0,0
284,yes,F,H,0,0,0,0,0,0,0,0,0,1,0,0,0,0,1
285,yes,U,H,0,0,0,0,0,0,0,0,0,1,0,0,0,0,0
286,yes,U,A,0,0,0,1,1,0,0,0,0,0,0,0,0,1,0
287,yes,F,H,0,0,0,0,1,0,0,0,0,0,0,0,0,0,1
288,yes,M,A,1,0,0,0,1,0,0,1,1,0,1,0,0,0,0
289,yes,F,A,0,0,1,1,1,0,0,0,0,0,0,0,0,0,0
290,yes,U,H,1,0,0,0,0,1,0,1,0,0,0,0,0,0,0
291,yes,F,H,0,0,0,0,0,0,0,0,0,0,1,1,0,0,1
292,yes,F,H,0,0,0,0,0,0,0,1,0,0,1,1,0,0,0
293,yes,M,H,0,0,0,0,0,0,0,0,0,0,0,0,0,0,0
294,yes,M,H,1,0,0,0,0,0,0,0,0,0,0,1,0,0,0
295,yes,M,A,1,0,0,0,1,0,0,0,0,1,0,0,1,0,1
296,yes,F,H,0,1,0,1,0,0,0,0,0,1,0,0,1,0,0
297,yes,F,P,0,0,0,1,1,0,0,0,0,0,0,0,0,0,0
298,yes,F,A,0,0,0,0,0,0,0,0,0,0,0,0,0,0,0
299,yes,F,P,0,0,0,0,0,0,0,0,0,0,0,1,0,0,0
300,yes,F,H,0,0,0,0,0,0,0,0,0,0,0,1,0,0,0
301,yes,M,H,0,0,0,0,0,0,0,0,0,0,0,1,0,1,1
302,yes,F,H,0,0,0,0,0,0,0,0,0,0,0,0,1,0,0
303,yes,M,H,0,0,0,0,0,0,0,0,0,0,0,0,0,0,0
304,yes,F,H,1,0,0,0,0,0,0,0,0,0,0,0,0,0,0
305,yes,M,A,0,0,0,0,0,0,0,0,0,1,0,0,0,0,0
306,yes,M,A,0,0,0,0,1,0,0,0,0,0,0,0,1,0,1
307,yes,U,A,0,0,0,0,0,0,0,0,0,0,0,0,1,0,0
308,yes,F,A,0,0,0,0,0,0,0,0,0,0,0,0,0,0,1
309,yes,M,H,0,1,0,1,1,0,0,0,0,0,0,0,0,0,0
310,yes,F,H,0,0,0,0,0,0,0,0,0,0,0,0,1,0,0
311,yes,U,A,0,0,0,1,1,0,0,0,0,0,0,0,1,0,0
312,yes,U,H,1,0,1,1,0,0,0,0,0,0,0,0,1,0,0
313,yes,M,A,1,0,0,1,0,0,0,0,0,0,0,1,0,0,1
314,yes,F,A,1,0,0,0,1,0,0,0,0,1,0,0,0,1,0
315,yes,F,H,0,0,0,0,0,0,0,0,0,0,0,0,1,0,0
316,yes,M,A,1,0,0,0,0,0,0,0,0,0,0,0,0,0,0
317,yes,F,H,0,0,0,0,0,0,0,0,0,0,0,1,0,0,1
318,yes,M,H,0,0,0,1,0,0,0,1,0,0,0,0,0,0,1
319,yes,M,H,0,0,0,1,0,0,0,0,0,1,0,0,0,0,0
320,yes,F,H,0,1,0,0,0,0,0,0,0,0,0,0,0,0,0
321,yes,M,A,1,0,0,0,0,0,0,0,0,0,0,0,0,0,0
322,yes,U,A,0,1,0,0,0,0,0,0,0,0,0,0,1,0,0
323,yes,F,A,0,0,0,0,0,0,0,0,0,0,0,0,0,0,0
324,yes,F,P,0,0,0,1,0,0,0,0,0,0,0,1,1,0,0
325,yes,F,H,0,0,0,0,1,0,0,1,0,1,0,0,0,0,0
326,yes,M,P,0,0,0,0,0,0,0,0,0,0,0,0,0,0,1
327,yes,F,H,0,0,0,0,0,1,0,0,0,0,0,0,1,0,0
328,yes,F,A,0,0,0,0,1,1,0,0,0,0,0,0,1,0,0
329,yes,F,H,0,0,0,0,0,0,0,0,0,1,0,0,0,0,0
330,yes,U,H,0,0,0,0,0,0,0,1,0,0,0,0,1,0,0
331,yes,M,H,0,0,0,1,0,0,0,0,0,0,0,1,1,0,0
332,yes,F,H,0,0,0,0,0,1,1,0,0,0,0,0,0,0,0
333,yes,U,H,0,0,0,0,1,0,0,0,0,0,0,0,0,0,1
334,yes,M,H,0,0,0,1,1,0,0,0,0,0,0,0,0,0,0
335,yes,U,A,0,0,0,0,0,0,0,0,0,0,0,0,0,0,0
336,yes,U,A,0,0,0,0,0,0,0,0,0,0,0,0,0,0,1
337,yes,F,A,1,0,0,0,0,0,0,0,0,0,0,0,1,0,0
338,yes,F,A,0,0,0,0,1,0,0,0,0,0,0,0,0,0,0
339,yes,M,A,1,0,0,0,0,0,0,0,0,1,0,1,0,0,0
340,yes,F,H,0,0,0,0,1,0,0,0,0,0,0,0,1,0,0
341,yes,F,H,1,0,0,0,0,0,0,0,0,0,0,1,0,0,0
342,yes,F,P,0,0,0,1,0,0,0,0,0,0,0,0,0,0,1
343,yes,F,P,0,0,0,0,0,0,0,0,0,0,0,0,0,0,0
344,yes,M,A,0,0,0,1,0,0,0,1,0,0,0,0,1,0,0
345,yes,F,A,0,1,0,0,0,0,0,0,0,0,0,0,0,0,0
346,yes,F,A,0,0,0,0,0,0,0,0,0,0,0,0,0,0,1
347,yes,F,H,0,0,0,0,0,0,0,0,0,0,0,0,0,0,0
348,yes,M,P,0,0,0,1,0,0,0,0,0,0,0,0,1,0,0
349,yes,U,H,0,0,0,0,0,0,0,0,0,1,0,0,0,0,0
350,yes,F,A,0,0,0,0,1,0,0,0,0,0,0,0,0,0,0
351,yes,F,H,0,0,0,1,0,0,0,0,0,0,0,0,0,0,0
352,yes,F,H,0,0,0,0,0,0,0,0,0,0,0,0,0,0,1
353,yes,M,A,0,0,0,0,0,1,0,0,0,0,0,0,0,0,1
354,yes,M,P,1,0,0,0,0,0,0,0,1,0,0,1,0,0,0
355,yes,F,H,0,0,0,0,0,0,0,0,0,0,0,0,0,1,0
356,yes,F,P,0,0,0,1,0,0,0,0,0,0,0,0,0,0,1
357,yes,F,A,0,0,0,1,1,0,0,0,0,0,0,0,0,0,0
358,yes,M,A,0,0,0,1,0,0,0,0,0,0,0,0,1,0,1
359,yes,M,A,0,0,0,0,1,0,0,0,0,0,0,0,0,0,0
360,yes,F,A,0,0,0,0,0,0,0,0,0,0,0,0,1,0,1
361,yes,U,H,0,1,0,0,0,0,0,1,0,0,0,0,0,0,0
362,yes,F,A,0,0,0,0,0,0,0,0,0,0,0,0,0,0,0
363,yes,M,H,0,0,0,0,1,0,1,0,0,0,0,0,0,0,0
364,yes,F,H,0,0,0,0,0,0,0,0,0,0,0,0,1,0,0
365,yes,F,H,0,0,0,1,0,0,0,0,0,0,0,0,0,0,1
366,yes,F,A,0,0,0,0,1,0,0,0,0,0,0,0,0,0,0
367,yes,F,H,0,0,0,1,0,0,0,0,0,1,0,0,0,0,0
368,yes,M,A,0,0,0,0,1,0,0,1,0,1,0,0,0,0,1
369,yes,F,A,0,0,0,0,1,0,0,0,0,0,0,0,0,0,0
370,yes,U,H,0,0,0,0,0,0,0,0,0,0,0,0,1,0,0
371,yes,F,A,0,0,0,0,0,1,0,0,0,0,0,1,0,0,1
372,yes,M,H,0,0,0,0,0,0,0,0,0,0,0,0,0,0,0
373,yes,U,H,0,0,0,1,0,0,0,0,0,0,0,0,0,0,0
374,yes,F,A,0,0,0,0,0,0,0,0,0,0,0,0,0,0,0
375,yes,F,A,0,0,0,1,0,0,0,0,0,0,0,0,0,0,0
376,yes,F,H,0,0,0,0,0,0,0,1,0,0,0,0,0,0,0
377,yes,F,H,1,0,0,1,0,0,0,0,0,0,0,0,1,0,0
378,yes,M,H,0,0,0,1,1,0,0,0,0,1,0,0,0,1,1
379,yes,U,H,0,0,0,0,0,0,0,0,0,0,0,0,0,0,0
380,yes,F,H,0,0,0,0,1,0,0,0,1,0,1,0,0,0,1
381,yes,M,P,0,0,0,0,0,0,0,0,0,1,0,0,0,0,0
382,yes,F,H,0,0,1,0,1,0,0,0,0,0,0,0,0,0,1
383,yes,M,H,1,0,0,0,1,0,0,0,0,0,0,0,0,0,0
384,yes,M,A,0,0,0,1,0,0,0,0,0,0,0,0,0,0,0
385,yes,M,H,0,0,0,0,0,0,0,0,0,0,0,0,0,0,0
386,yes,F,A,0,0,0,0,0,0,0,0,0,0,0,0,0,0,1
387,yes,M,P,0,0,0,0,0,0,0,0,0,0,0,0,0,0,0
388,yes,F,A,0,0,0,0,1,0,0,0,0,0,0,0,0,0,0
389,yes,F,A,0,0,0,0,0,0,0,0,0,0,0,0,0,0,0
390,yes,F,A,0,0,0,0,0,0,0,0,0,0,0,0,0,0,0
391,yes,M,A,0,0,0,1,0,0,0,0,1,0,0,1,0,0,1
392,yes,U,H,0,0,0,0,0,0,0,0,0,1,0,1,1,0,0
393,yes,F,H,0,0,0,0,0,0,0,1,0,1,0,0,0,0,0
394,yes,F,H,0,0,0,0,0,0,0,1,0,0,0,0,0,0,0
395,yes,F,A,0,0,0,1,0,0,0,0,0,0,0,1,0,0,0
396,yes,F,H,0,0,1,1,0,1,0,0,0,0,0,0,0,0,0
397,yes,M,H,1,0,0,0,0,0,0,0,0,0,1,0,0,0,0
398,yes,F,H,0,0,0,1,0,0,0,0,0,1,0,0,0,0,0
399,yes,F,A,0,0,0,0,0,0,0,0,0,0,1,0,0,0,1
400,yes,M,P,0,0,0,0,0,0,0,0,0,0,0,0,0,0,0
401,yes,M,H,0,0,0,0,0,0,0,0,0,0,0,0,0,0,1
402,yes,U,A,0,0,0,0,0,0,0,0,0,1,0,0,0,0,0
403,yes,F,H,0,0,0,0,1,0,0,0,0,0,0,0,0,0,0
404,yes,F,P,1,0,0,0,0,0,0,0,0,1,0,1,0,0,1
405,yes,M,A,0,0,0,0,0,0,0,0,0,0,0,0,1,0,1
406,yes,M,P,1,1,1,0,0,0,0,0,0,0,0,1,0,0,1
407,yes,F,H,0,0,0,1,0,0,0,0,1,0,0,0,0,0,0
408,yes,F,A,0,0,0,0,1,0,0,0,0,0,0,0,1,0,0
409,yes,M,A,0,0,0,1,1,0,0,0,0,0,0,0,1,0,1
410,yes,F,A,1,0,0,1,0,0,0,0,0,0,0,0,0,0,0
411,yes,F,A,0,0,0,0,0,0,0,0,0,0,0,0,0,0,0
412,yes,F,H,0,0,0,0,0,0,0,0,0,0,0,0,0,0,0
413,yes,F,A,0,0,0,1,0,0,0,0,0,0,0,0,0,0,0
414,yes,M,A,0,0,0,0,0,0,0,0,0,0,0,0,0,0,0
415,yes,M,A,0,0,0,0,0,0,0,0,0,0,0,0,0,0,0
416,yes,M,A,0,0,0,0,0,0,0,0,1,0,1,0,0,0,0
417,yes,F,A,0,0,0,0,0,0,0,0,0,0,0,0,0,0,0
418,yes,M,H,0,0,0,0,0,0,0,1,0,0,0,0,0,0,1
419,yes,M,A,0,0,0,1,0,0,0,0,0,1,0,0,1,0,0
420,yes,F,A,0,0,0,0,0,0,0,0,0,0,0,0,0,0,0
421,yes,F,A,0,1,0,0,0,0,0,1,0,0,0,0,0,0,0
422,yes,F,A,0,0,0,1,1,0,0,0,0,0,0,1,1,0,0
423,yes,M,H,0,0,0,0,1,0,0,0,0,0,1,0,0,1,1
424,yes,U,H,1,0,0,0,0,0,0,0,0,0,0,0,0,0,0
425,yes,F,A,0,0,0,0,0,0,0,0,0,0,0,0,0,0,1
426,yes,M,H,1,0,0,0,0,0,1,0,0,0,0,0,1,0,0
427,yes,F,H,0,0,0,0,0,0,0,0,0,0,0,0,0,0,0
428,yes,F,A,0,0,0,0,0,0,0,0,1,0,0,0,0,0,0
429,yes,F,A,0,0,0,0,1,0,0,0,0,0,0,0,0,0,0
430,yes,F,H,1,0,0,0,0,0,0,0,0,0,1,0,0,0,0
431,yes,F,A,0,0,0,0,0,0,0,1,0,0,0,0,1,0,0
432,yes,F,H,0,0,0,0,0,0,0,0,0,1,0,0,1,0,0
433,yes,F,A,0,0,0,1,0,0,0,0,0,0,0,1,0,0,0
434,yes,F,H,1,0,0,0,0,0,0,0,0,0,0,0,0,1,0
435,yes,U,A,0,0,0,0,1,0,0,0,0,1,0,0,0,0,0
436,yes,F,A,0,0,0,0,0,0,0,0,0,0,0,0,1,0,0
437,yes,F,A,0,0,0,0,1,0,0,0,0,0,0,0,0,0,0
438,yes,F,H,0,0,0,0,0,0,0,0,0,0,0,0,0,0,0
439,yes,F,H,0,0,0,0,0,0,0,0,0,0,0,0,0,1,1
440,yes,M,H,0,0,0,0,0,0,0,0,0,1,0,0,0,0,0
441,yes,F,H,0,0,0,0,0,0,0,0,0,1,0,0,0,0,0
442,yes,F,H,0,0,0,0,1,0,0,0,0,1,0,0,0,0,0
443,yes,F,H,1,0,0,0,0,0,0,0,0,0,0,0,1,0,1
444,yes,F,H,0,0,0,1,0,0,0,0,0,0,0,0,0,0,1
445,yes,U,H,0,0,0,0,0,0,0,1,0,0,0,0,0,0,0
446,yes,M,H,0,0,0,0,0,0,0,0,0,0,0,0,1,0,0
447,yes,F,H,0,0,0,0,0,0,0,0,0,0,0,0,0,0,0
448,yes,F,H,1,0,0,0,0,0,0,0,1,0,0,0,0,0,1
449,yes,F,A,0,0,0,0,1,0,0,0,1,0,0,0,0,0,0
450,yes,F,A,0,0,0,0,0,0,0,0,0,0,0,0,0,0,0
451,yes,F,H,0,0,0,0,0,0,0,0,0,0,0,0,0,0,0
452,yes,M,H,0,0,0,0,1,0,0,0,0,0,0,0,0,0,0
453,yes,F,H,1,0,0,0,0,0,0,0,0,0,0,0,0,0,0
454,yes,M,A,0,0,0,0,1,0,0,0,0,1,0,0,1,0,0
455,yes,F,H,0,1,0,0,0,0,0,0,0,0,0,0,0,0,0
456,yes,F,H,1,0,0,1,0,0,0,0,0,0,0,0,1,0,0
457,yes,F,H,0,0,0,0,0,0,0,0,0,0,0,0,1,0,1
458,yes,M,P,0,0,0,0,1,0,0,0,0,1,0,0,0,1,0
459,yes,U,H,0,0,0,0,0,0,0,0,0,1,0,0,0,0,0
460,yes,F,H,1,0,0,1,0,0,0,1,0,0,0,0,0,0,0
461,yes,F,A,0,0,0,0,0,0,0,0,0,0,0,0,0,0,1
462,yes,M,H,0,0,0,0,1,0,0,0,0,0,0,0,0,0,0
463,yes,F,H,0,0,0,1,0,0,0,0,0,0,0,0,1,0,0
464,yes,F,H,0,0,1,0,0,0,0,1,0,0,0,0,0,0,1
465,yes,F,A,0,0,0,0,1,0,0,0,0,0,0,0,0,0,0
466,yes,M,A,0,0,0,0,1,0,0,0,1,0,0,0,0,0,0
467,yes,F,H,0,0,0,0,0,0,0,0,0,0,0,0,0,0,0
468,yes,M,A,0,0,0,0,0,0,0,0,0,1,0,0,0,0,0
469,yes,M,A,0,0,0,0,0,0,0,1,0,0,0,0,1,0,1
470,yes,F,H,0,0,0,0,0,0,1,0,0,0,0,0,0,0,0
471,yes,U,A,0,0,0,0,0,0,0,0,0,0,0,0,1,0,0
472,yes,F,H,0,0,0,1,0,0,0,1,0,0,0,1,0,0,0
473,yes,F,H,0,0,0,0,0,0,0,0,0,0,0,1,0,0,0
474,yes,M,H,0,0,0,0,1,0,1,0,0,0,0,0,0,0,0
475,yes,F,A,0,0,0,1,0,0,0,0,0,0,0,0,1,0,0
476,yes,F,H,0,0,0,0,1,0,0,0,0,0,0,0,0,0,0
477,yes,F,H,0,0,0,1,0,0,0,0,0,0,0,0,1,0,0
478,yes,F,A,0,0,0,0,0,0,0,0,0,0,0,0,0,0,0
479,yes,F,H,0,0,0,0,0,0,0,0,0,0,0,0,0,0,0
480,yes,U,H,0,0,0,0,1,0,0,0,0,0,0,0,0,0,0
481,yes,F,H,1,0,0,0,1,0,0,0,0,0,0,0,0,0,0
482,yes,F,H,0,0,0,0,0,0,0,0,0,0,0,0,0,0,0
483,yes,F,H,0,0,0,0,0,0,0,0,0,1,0,0,0,1,0
484,yes,F,H,0,0,0,0,0,0,0,0,0,0,0,0,0,0,0
485,yes,M,H,0,0,0,0,0,0,0,0,0,1,0,0,0,0,0
486,yes,F,P,0,0,0,0,1,0,0,0,0,0,0,0,0,0,1
487,yes,F,H,0,0,0,0,1,0,0,0,0,0,0,0,0,0,0
488,yes,M,H,0,0,0,0,1,0,0,0,0,0,0,0,0,1,0
489,yes,F,H,0,0,0,0,0,0,0,1,0,0,0,0,0,0,0
490,yes,F,A,0,0,0,0,0,0,0,0,0,0,0,0,0,0,0
491,yes,F,H,1,0,0,0,0,0,0,0,0,0,0,0,0,0,0
492,yes,M,A,0,0,0,0,0,0,0,0,0,0,0,0,0,0,0
493,yes,F,H,0,0,0,0,0,0,1,0,0,0,0,0,1,0,0
494,yes,M,A,0,0,0,0,1,0,0,0,0,0,0,0,0,0,0
495,yes,F,A,0,0,0,0,0,0,0,0,0,0,0,0,0,0,1
496,yes,M,H,0,0,0,0,0,0,0,1,0,0,0,0,0,0,0
497,yes,F,P,0,0,0,1,1,0,0,0,0,1,0,1,0,0,0
498,yes,M,H,0,0,0,0,0,0,0,0,0,0,0,0,0,0,0
499,yes,F,H,0,0,0,0,0,0,1,0,0,0,0,0,1,0,0
500,yes,M,H,0,0,0,0,0,0,0,0,0,0,0,0,0,0,0
501,no,M,A,0,0,0,0,0,0,0,0,0,0,0,0,0,0,1
502,no,F,H,0,0,0,0,0,0,0,0,0,0,0,0,1,0,0
503,no,M,A,0,1,0,0,0,0,0,0,0,0,0,0,0,0,0
504,no,M,A,0,1,0,0,0,0,0,0,0,0,0,0,0,0,0
505,no,F,P,0,1,0,0,0,0,0,0,0,0,0,0,0,0,0
506,no,M,A,0,0,1,0,0,0,0,0,0,0,0,0,1,0,1
507,no,M,H,0,0,0,0,0,0,0,0,0,0,0,0,0,0,0
508,no,M,A,0,1,0,0,0,0,0,0,0,0,0,0,0,0,0
509,no,F,A,0,0,0,0,0,0,0,0,0,0,0,0,0,0,0
510,no,M,H,0,0,0,0,0,0,0,0,0,0,0,0,0,0,0
511,no,F,A,0,1,0,0,0,0,0,0,0,0,0,0,0,0,1
512,no,M,H,0,0,0,0,0,0,0,0,0,0,0,0,0,0,0
513,no,M,H,0,0,0,0,0,0,0,0,0,0,1,0,0,0,0
514,no,M,H,0,0,0,0,0,0,0,0,0,0,0,0,0,1,0
515,no,M,H,0,0,0,0,0,0,0,0,0,0,0,0,0,0,0
516,no,M,H,0,0,1,0,0,0,0,1,0,0,0,0,0,0,0
517,no,F,H,0,0,0,0,0,0,0,0,0,0,0,0,0,1,0
518,no,F,P,0,1,1,0,0,0,0,0,0,0,1,0,0,0,0
519,no,F,A,0,0,0,0,0,0,0,0,0,0,0,0,0,0,0
520,no,M,H,0,0,1,0,0,0,0,0,0,0,0,0,0,1,0
521,no,F,H,0,0,0,0,0,0,0,0,0,0,0,0,0,0,0
522,no,F,A,0,1,0,0,0,0,0,0,0,0,0,0,0,0,0
523,no,M,A,0,0,1,0,0,0,0,0,0,0,0,0,0,0,0
524,no,F,H,0,0,0,0,0,0,0,0,0,0,0,0,0,0,0
525,no,F,A,0,0,0,0,0,0,0,0,0,0,0,0,1,0,0
526,no,F,A,0,0,1,0,0,0,0,0,0,0,0,0,0,1,0
527,no,F,A,0,0,0,0,0,0,0,0,0,0,1,0,0,1,0
528,no,M,A,0,0,0,0,0,0,0,0,0,0,0,0,1,0,0
529,no,M,H,0,0,1,0,0,0,0,0,0,0,0,0,0,0,0
530,no,M,H,0,0,0,0,0,0,0,0,0,0,0,0,0,0,0
531,no,F,A,0,0,0,0,0,0,0,0,0,0,0,0,0,0,0
532,no,M,A,0,0,0,0,0,0,0,0,0,0,0,0,0,1,0
533,no,F,A,0,0,1,0,1,0,0,0,0,0,0,0,0,0,0
534,no,M,H,0,0,0,0,0,0,0,0,0,0,0,0,0,0,0
535,no,F,H,0,1,0,0,0,0,0,0,0,0,0,0,0,1,0
536,no,F,A,0,0,0,0,0,0,0,0,0,0,1,0,0,0,0
537,no,F,H,0,0,1,0,0,0,0,0,0,0,0,0,0,0,1
538,no,M,A,0,0,0,0,0,0,0,0,0,0,1,0,0,0,0
539,no,U,A,0,0,1,0,0,0,0,0,0,0,0,0,0,0,0
540,no,F,A,0,1,0,0,0,0,0,0,0,0,1,0,1,0,0
541,no,F,H,0,0,0,0,0,0,0,0,0,0,0,0,0,0,0
542,no,M,H,0,1,0,0,0,0,0,0,0,0,0,0,0,1,0
543,no,F,H,0,0,0,0,0,0,0,0,0,0,0,0,0,0,0
544,no,F,H,0,0,1,0,0,0,0,0,0,0,0,0,0,1,0
545,no,M,A,0,1,0,0,0,0,0,0,0,0,0,0,0,0,0
546,no,M,P,0,0,0,0,0,0,0,0,0,0,0,0,0,0,0
547,no,M,A,0,1,0,0,0,0,0,0,0,0,0,0,0,1,0
548,no,U,A,0,0,0,0,0,0,0,0,0,1,0,0,0,0,1
549,no,M,P,0,1,0,0,0,0,0,0,0,0,0,0,0,0,0
550,no,F,A,0,0,0,0,0,0,0,0,0,0,0,0,0,0,0
551,no,F,A,0,0,1,0,0,0,0,0,0,0,0,0,0,0,0
552,no,F,A,0,0,0,0,0,0,0,0,0,1,0,0,0,0,0
553,no,U,H,0,0,0,0,0,0,0,0,0,0,0,0,0,1,0
554,no,F,H,0,0,0,0,0,0,0,0,0,0,0,0,0,0,0
555,no,M,H,0,1,1,0,1,0,0,0,0,0,0,0,0,0,0
556,no,M,H,0,0,1,0,0,0,0,0,0,0,0,0,0,0,0
557,no,M,P,0,0,0,0,0,0,0,0,0,0,0,0,0,1,0
558,no,M,H,0,0,0,0,0,0,0,0,0,0,0,0,0,0,0
559,no,F,A,0,0,0,0,0,0,0,0,0,0,0,0,1,0,0
560,no,M,P,0,1,0,0,0,0,0,0,0,0,1,0,0,0,0
561,no,U,H,0,0,1,0,0,0,0,0,0,0,0,0,0,0,0
562,no,F,A,0,0,1,0,0,0,0,0,0,0,1,0,0,0,0
563,no,F,H,0,0,0,0,0,0,0,0,0,0,0,0,0,1,0
564,no,M,H,0,0,1,0,0,0,1,0,0,0,0,0,0,0,0
565,no,M,P,0,0,1,0,0,0,0,0,0,0,0,0,0,0,0
566,no,M,H,0,0,0,0,0,0,0,0,0,0,1,0,0,0,0
567,no,M,H,0,0,0,0,0,0,0,0,0,0,0,0,0,0,0
568,no,F,H,0,0,0,0,0,0,0,0,0,0,0,1,0,0,0
569,no,F,H,0,0,0,0,0,0,0,0,0,0,0,0,0,0,0
570,no,F,H,0,0,0,0,0,0,0,0,0,0,0,0,0,0,0
571,no,F,A,0,0,0,0,0,0,0,0,0,0,0,0,0,0,0
572,no,F,P,0,0,0,0,0,0,0,0,0,0,0,0,0,0,0
573,no,M,H,0,1,0,0,0,0,0,0,0,0,0,0,0,0,0
574,no,F,A,0,0,0,0,0,0,0,0,0,0,0,0,0,1,0
575,no,M,H,0,0,0,0,0,0,0,0,0,0,0,0,0,0,0
576,no,U,H,0,0,0,0,0,0,0,0,0,0,0,0,0,0,0
577,no,F,H,0,0,0,0,0,0,0,0,0,0,1,0,0,0,0
578,no,M,P,0,0,0,0,0,0,0,0,0,0,0,0,0,0,0
579,no,F,H,0,0,1,0,0,0,0,0,0,0,0,0,0,0,0
580,no,M,H,0,1,0,0,0,0,0,0,0,0,0,0,1,0,0
581,no,F,A,0,0,1,0,0,0,0,0,0,0,0,0,0,1,0
582,no,F,H,0,1,0,0,0,0,0,0,0,0,0,0,1,0,1
583,no,M,H,0,0,0,0,0,0,0,0,0,0,1,1,0,0,0
584,no,F,H,0,0,0,0,0,0,0,0,0,0,0,0,0,0,0
585,no,F,P,0,1,0,0,0,0,0,0,0,0,0,0,0,0,0
586,no,F,A,0,1,0,0,0,0,0,0,0,0,0,0,0,1,0
587,no,M,H,0,1,0,0,0,0,0,0,0,0,0,0,0,0,0
588,no,M,H,0,0,0,0,0,0,0,0,0,0,0,0,0,0,0
589,no,F,H,0,0,0,0,0,0,0,0,0,0,0,0,0,0,0
590,no,F,A,0,0,0,1,0,0,0,0,0,0,0,0,1,0,0
591,no,F,A,0,1,0,0,0,0,0,0,0,0,0,0,0,0,0
592,no,F,A,0,1,1,0,0,0,0,0,0,0,0,0,0,0,0
593,no,M,A,0,1,0,0,0,0,0,0,0,0,0,0,0,0,0
594,no,F,H,0,0,0,0,0,0,0,0,0,0,0,0,0,0,0
595,no,M,H,0,0,0,0,0,0,0,0,0,0,0,0,0,0,0
596,no,M,H,0,0,0,0,0,0,0,0,0,0,0,0,0,0,0
597,no,F,H,0,0,0,0,0,0,0,0,0,0,1,0,0,0,0
598,no,F,A,0,0,0,0,0,0,0,0,0,0,0,0,0,0,0
599,no,F,H,0,0,0,0,0,0,0,0,0,0,0,0,0,0,0
600,no,M,A,0,0,0,0,0,0,0,0,0,0,0,0,0,0,0
601,no,M,A,0,0,0,0,0,0,0,0,0,0,0,0,0,0,0
602,no,F,H,0,1,0,0,0,0,0,0,0,0,0,0,0,1,0
603,no,F,A,0,1,0,0,0,0,0,0,0,0,0,0,0,0,0
604,no,M,A,0,0,0,0,0,0,0,0,0,0,0,0,0,0,0
605,no,F,H,0,0,0,0,0,0,0,0,0,0,0,0,0,0,0
606,no,M,P,0,1,0,0,0,0,0,0,0,0,0,0,0,0,0
607,no,M,H,0,0,0,0,0,0,0,0,0,0,0,0,0,0,0
608,no,M,A,0,0,1,0,1,0,0,0,1,0,0,1,0,0,0
609,no,F,H,0,1,0,0,0,0,0,0,0,0,0,0,0,0,0
610,no,M,H,0,0,0,0,0,0,0,0,0,0,0,0,0,0,0
611,no,M,A,0,1,0,0,0,0,0,0,0,0,0,0,0,1,0
612,no,F,H,0,0,0,0,0,0,0,0,0,0,0,0,0,0,0
613,no,F,A,0,0,1,0,0,0,0,0,0,0,0,0,0,0,0
614,no,M,H,0,1,0,0,0,0,0,0,0,0,0,0,0,1,0
615,no,M,P,0,1,0,0,1,0,0,0,0,0,0,0,0,0,0
616,no,F,A,0,1,0,0,0,0,0,0,0,0,1,0,0,0,0
617,no,F,A,0,0,0,0,0,0,0,0,0,0,1,0,0,0,0
618,no,M,A,0,1,0,0,0,0,0,0,0,0,0,0,0,0,0
619,no,F,H,0,0,0,0,0,0,0,0,0,0,0,0,0,0,0
620,no,M,H,0,1,0,0,0,0,0,0,0,0,0,0,0,0,0
621,no,F,H,0,0,1,0,0,0,0,0,0,0,0,0,0,1,0
622,no,F,A,0,1,0,0,0,0,0,0,0,0,0,0,0,0,0
623,no,F,A,0,0,0,0,0,0,0,0,0,0,0,0,0,0,0
624,no,M,A,0,0,0,0,0,0,0,0,0,0,1,0,0,1,0
625,no,F,A,0,0,0,0,0,0,0,0,0,0,0,0,0,1,0
626,no,M,P,0,1,0,0,0,0,0,0,0,0,1,0,1,0,0
627,no,F,P,0,0,0,0,0,0,0,0,0,0,0,0,0,1,0
628,no,M,A,0,0,1,0,0,0,0,0,0,0,0,0,0,1,0
629,no,M,A,0,0,0,0,0,0,0,0,0,1,0,0,0,0,0
630,no,F,A,0,0,1,0,0,0,0,0,0,0,0,0,0,0,0
631,no,M,A,0,1,0,0,0,0,0,0,0,0,0,0,0,0,0
632,no,M,H,0,0,0,0,0,0,0,0,0,0,0,0,0,0,0
633,no,M,H,0,0,1,0,0,0,0,0,0,0,0,0,0,0,0
634,no,M,H,0,0,0,0,0,0,0,0,0,0,1,0,0,0,0
635,no,M,A,0,1,0,0,0,0,0,0,0,0,0,0,0,0,0
636,no,F,H,0,0,0,0,0,0,0,0,0,0,0,0,0,0,0
637,no,M,H,0,0,0,0,0,0,0,0,0,0,0,0,0,0,0
638,no,M,H,0,0,0,0,0,0,0,0,0,0,0,0,0,0,0
639,no,M,H,0,0,0,0,0,0,0,0,0,0,0,0,0,0,0
640,no,F,A,0,0,0,0,0,0,0,0,1,0,0,0,0,0,0
641,no,F,H,0,0,0,0,0,0,0,0,0,0,0,0,0,1,0
642,no,M,A,0,0,0,0,0,0,0,0,0,0,0,0,0,1,0
643,no,M,A,0,0,1,0,0,0,0,0,0,0,0,0,0,1,0
644,no,F,H,0,1,0,0,0,0,0,0,0,0,0,0,0,0,0
645,no,F,H,0,0,0,0,0,0,0,0,0,0,0,0,0,0,0
646,no,M,A,0,1,0,0,0,0,0,0,0,0,0,0,0,0,0
647,no,M,H,0,0,0,0,0,0,0,0,0,0,1,0,0,1,0
648,no,M,H,0,0,1,0,1,0,0,0,0,0,1,0,0,0,0
649,no,M,H,0,0,1,0,0,0,0,0,0,0,0,0,0,0,0
650,no,M,A,0,1,0,0,0,0,0,0,0,0,0,0,0,0,0
651,no,F,P,0,0,0,0,0,0,0,0,0,0,0,0,0,0,0
652,no,F,H,0,0,0,0,0,0,0,0,0,0,1,0,0,1,0
653,no,M,A,0,0,0,0,0,0,0,0,0,0,0,0,0,1,0
654,no,F,H,0,0,0,1,0,0,0,0,0,0,0,0,0,0,0
655,no,F,A,0,0,0,0,0,0,0,0,0,1,0,0,0,1,0
656,no,F,H,0,0,0,0,0,0,0,0,0,0,0,0,0,1,0
657,no,M,H,0,0,1,0,0,0,0,0,0,0,0,0,0,0,0
658,no,F,H,0,0,1,0,0,0,0,0,0,0,0,0,0,0,0
659,no,M,H,0,0,0,0,0,0,0,0,0,0,0,0,0,1,0
660,no,M,A,0,1,0,0,0,0,0,0,0,0,0,0,0,0,0
661,no,M,H,0,1,0,0,0,0,0,0,0,0,0,0,0,1,0
662,no,M,A,0,0,0,0,0,0,0,0,0,0,0,0,0,0,0
663,no,F,P,0,0,0,0,0,0,0,0,0,0,0,0,0,0,0
664,no,M,H,0,0,1,0,0,0,0,0,0,0,0,0,0,0,0
665,no,F,H,0,0,0,0,0,0,0,0,0,0,1,0,0,1,0
666,no,M,H,0,0,0,0,0,0,0,0,0,0,0,0,0,1,0
667,no,U,A,0,1,0,0,0,0,0,0,0,0,0,0,0,0,0
668,no,U,A,0,0,0,0,0,0,0,0,0,0,0,0,0,0,0
669,no,U,P,0,1,1,0,0,0,0,0,0,0,0,0,1,0,0
670,no,M,H,0,0,1,0,0,0,0,0,0,0,0,0,0,1,0
671,no,M,H,0,0,0,0,0,0,0,0,0,0,1,0,0,0,0
672,no,F,H,0,0,0,0,0,0,0,0,0,0,0,0,0,0,0
673,no,F,H,0,0,0,0,0,0,0,0,0,0,0,0,0,0,0
674,no,F,H,0,0,0,0,0,0,0,0,0,0,0,0,0,1,0
675,no,F,H,0,0,1,0,0,0,0,0,0,0,0,0,0,0,0
676,no,U,A,0,0,0,0,0,0,0,0,0,0,0,0,0,0,0
677,no,F,A,0,0,0,0,0,0,0,0,0,0,0,0,0,0,0
678,no,F,A,0,0,0,0,0,0,0,0,0,0,0,0,0,1,0
679,no,M,A,0,0,0,0,0,0,0,0,0,0,0,0,0,0,0
680,no,F,H,0,0,0,0,0,0,0,0,0,0,0,0,0,0,0
681,no,F,H,0,0,0,0,0,0,0,0,0,0,0,0,0,0,0
682,no,M,A,0,1,1,0,1,0,0,0,0,0,0,0,1,0,0
683,no,F,H,0,0,1,0,1,0,0,0,0,0,1,0,0,0,0
684,no,M,A,0,0,0,0,0,0,0,0,0,0,0,0,0,0,0
685,no,U,H,0,1,0,0,0,0,0,0,0,0,0,0,0,0,0
686,no,F,P,0,0,0,0,0,0,0,0,0,0,0,0,0,0,0
687,no,M,H,0,0,0,0,0,0,0,0,0,0,1,0,0,0,0
688,no,M,A,0,1,1,0,0,0,0,0,0,0,0,0,0,0,1
689,no,M,H,0,0,1,0,0,0,0,0,0,0,0,0,0,0,0
690,no,F,H,0,1,0,0,1,0,0,0,0,0,0,0,0,0,0
691,no,F,H,0,0,0,0,0,0,0,0,0,0,0,0,0,1,0
692,no,F,A,0,0,0,0,0,0,0,0,0,0,0,0,0,0,0
693,no,F,H,0,1,1,0,0,0,0,0,0,0,1,0,0,0,0
694,no,F,H,0,0,0,0,0,0,0,0,0,0,0,0,0,0,0
695,no,U,A,0,0,0,0,0,0,0,0,0,1,0,0,0,0,0
696,no,F,H,0,0,1,0,0,0,0,0,0,0,1,0,0,0,0
697,no,M,H,0,0,1,0,0,0,0,0,0,0,1,0,0,0,0
698,no,F,H,0,0,1,0,0,0,0,0,0,0,0,0,0,0,0
699,no,M,H,0,0,1,0,0,0,0,0,0,0,0,0,0,0,0
700,no,M,H,0,0,0,0,0,0,0,0,0,0,0,0,0,0,0
701,no,F,A,0,0,1,0,0,0,0,0,0,1,0,0,0,0,0
702,no,F,A,0,0,1,0,0,0,0,0,0,0,0,0,0,0,0
703,no,M,A,0,0,0,0,0,0,0,0,0,0,0,0,0,1,0
704,no,F,A,0,0,1,0,0,0,0,0,0,0,0,0,0,1,1
705,no,F,A,0,0,0,0,0,0,0,0,0,0,0,0,0,0,0
706,no,M,A,0,0,0,0,0,0,0,0,0,0,1,0,0,0,0
707,no,U,H,0,0,0,0,0,0,0,0,0,0,0,0,0,0,0
708,no,M,P,0,0,0,0,0,0,0,0,0,0,0,0,1,0,0
709,no,U,A,0,1,0,0,0,0,0,0,0,0,1,0,0,0,0
710,no,M,P,0,0,0,0,0,0,0,0,0,0,0,0,0,1,0
711,no,U,H,0,0,1,0,0,0,0,0,0,0,0,0,0,0,0
712,no,F,P,0,0,0,0,0,0,0,0,0,0,0,0,0,0,0
713,no,F,A,0,0,0,0,0,0,0,0,0,0,0,0,0,0,0
714,no,M,H,0,1,0,0,0,0,0,0,0,1,0,0,0,0,0
715,no,F,A,0,0,0,0,0,0,0,0,0,0,0,0,0,0,0
716,no,F,A,0,0,0,0,0,0,0,0,0,0,0,0,0,0,0
717,no,M,A,0,0,0,0,0,0,0,0,0,0,0,0,0,1,0
718,no,F,A,0,1,1,0,0,0,0,0,0,0,0,0,0,0,0
719,no,F,H,0,0,0,0,0,0,0,0,0,0,1,0,0,1,0
720,no,F,A,0,0,1,0,0,0,0,0,0,0,0,0,0,1,0
721,no,U,H,0,0,0,0,0,0,0,0,0,0,0,0,0,0,0
722,no,F,A,0,0,0,0,1,0,0,0,0,0,0,0,0,0,0
723,no,M,A,0,1,1,0,0,0,0,0,0,0,0,0,0,0,0
724,no,M,A,0,1,1,0,0,0,0,0,0,0,1,0,0,0,0
725,no,M,H,0,0,0,0,0,0,0,0,0,0,0,0,0,0,0
726,no,M,A,0,1,0,0,0,0,0,0,0,0,0,0,0,1,0
727,no,F,A,0,0,0,0,0,0,0,0,0,0,0,0,0,0,0
728,no,F,P,0,1,0,0,0,0,0,0,0,0,0,0,0,0,0
729,no,F,H,0,0,0,0,0,0,0,0,0,0,1,0,0,0,0
730,no,M,A,0,1,1,0,0,0,0,0,0,0,0,0,0,0,0
731,no,M,A,0,1,0,0,0,0,0,0,0,0,0,0,0,0,0
732,no,F,H,0,1,1,0,0,0,0,0,0,0,0,0,0,0,0
733,no,F,H,0,0,1,0,0,0,0,0,0,0,0,0,0,0,0
734,no,F,A,0,0,1,0,0,0,0,0,0,0,0,0,0,0,0
735,no,F,H,0,0,0,0,0,0,0,0,0,0,0,0,0,0,0
736,no,F,H,0,0,0,0,0,0,0,0,0,0,0,0,0,0,0
737,no,U,A,0,0,1,0,0,0,0,0,0,0,0,0,0,0,0
738,no,M,A,0,0,1,0,0,0,0,0,0,0,0,0,0,0,0
739,no,M,A,0,1,0,0,1,0,0,0,0,0,0,0,0,0,0
740,no,M,A,0,0,1,0,0,0,0,0,0,0,1,0,0,1,0
741,no,F,H,0,0,0,0,0,0,0,0,0,0,1,0,0,0,0
742,no,M,H,0,0,0,0,0,0,0,1,0,0,1,0,0,0,0
743,no,F,A,0,0,0,0,0,0,0,0,0,0,0,0,0,0,0
744,no,F,P,0,0,1,0,0,0,0,0,0,0,0,0,1,0,1
745,no,F,H,0,0,0,0,0,0,0,0,0,0,0,0,0,1,0
746,no,M,A,0,1,1,0,0,0,0,0,0,0,0,0,0,0,0
747,no,M,A,0,0,0,0,0,0,0,0,0,0,0,0,0,0,0
748,no,M,H,0,0,0,0,0,0,0,0,0,0,0,0,0,0,0
749,no,M,P,0,0,0,0,0,0,0,0,0,0,0,0,0,0,0
750,no,F,A,0,0,1,0,0,0,0,0,0,0,0,0,0,1,0
751,no,F,A,0,0,1,0,0,0,1,0,0,0,0,0,0,1,0
752,no,F,H,0,1,1,0,0,0,0,0,0,0,0,0,0,0,0
753,no,M,H,0,1,0,0,0,0,0,0,0,0,0,0,0,0,0
754,no,F,A,0,1,0,0,0,0,0,0,0,0,0,0,0,1,0
755,no,U,A,0,1,0,0,0,0,0,0,0,0,0,0,0,0,0
756,no,F,P,0,0,0,0,0,0,0,0,0,0,0,0,0,0,0
757,no,F,A,0,0,0,0,0,0,0,1,0,0,0,0,0,1,0
758,no,U,H,0,0,0,0,0,0,0,0,0,0,0,0,0,0,0
759,no,M,A,0,0,0,0,0,0,0,0,0,0,1,0,0,0,0
760,no,M,A,0,0,1,0,0,0,0,0,1,0,0,0,0,0,0
761,no,M,H,0,0,0,0,0,0,0,0,0,0,0,0,0,1,0
762,no,M,H,0,0,0,0,0,0,0,0,0,0,0,0,0,0,0
763,no,M,H,0,0,0,0,0,0,0,0,0,0,0,0,0,1,0
764,no,F,A,0,0,0,0,0,0,0,0,0,0,0,0,0,0,0
765,no,U,H,0,0,0,0,0,0,0,0,0,0,0,0,0,0,0
766,no,M,A,0,0,0,0,0,0,0,0,0,0,0,0,0,0,0
767,no,F,H,0,0,1,0,0,0,0,0,0,0,0,0,0,0,0
768,no,M,P,0,1,0,0,0,0,0,0,0,0,0,0,0,0,0
769,no,F,H,0,1,0,0,0,0,0,0,0,0,0,0,0,0,0
770,no,M,H,0,0,1,0,0,0,0,0,0,0,0,0,0,1,0
771,no,M,H,0,0,1,0,0,0,0,0,0,0,0,0,0,0,0
772,no,F,P,0,0,0,0,0,0,0,0,0,0,0,0,0,0,0
773,no,M,A,0,0,0,0,0,0,0,0,0,0,0,0,0,0,0
774,no,M,A,0,0,0,0,0,0,0,0,0,0,0,0,0,1,0
775,no,M,A,0,0,0,0,0,0,0,0,0,0,1,0,0,0,1
776,no,F,H,0,0,0,0,0,0,0,0,0,0,0,0,0,0,0
777,no,F,H,0,1,0,0,0,0,1,0,0,0,0,0,0,0,0
778,no,U,A,0,0,0,0,0,0,0,0,0,0,1,0,0,0,0
779,no,F,H,0,0,1,0,0,0,0,0,0,0,0,0,0,1,0
780,no,F,H,0,1,0,0,0,0,0,0,0,0,0,0,0,1,0
781,no,F,H,0,1,0,0,0,0,0,0,0,0,0,0,0,0,0
782,no,F,A,0,0,0,0,0,0,0,0,0,0,1,0,1,0,0
783,no,M,H,0,0,0,0,0,0,0,1,0,0,1,0,0,0,0
784,no,M,H,0,0,0,0,0,0,0,0,0,0,0,0,0,1,0
785,no,F,H,0,0,0,0,0,0,0,0,0,1,0,0,0,0,0
786,no,F,H,0,0,0,0,0,0,0,0,0,0,0,0,0,0,0
787,no,F,H,0,0,0,0,0,0,0,0,0,0,0,0,0,1,0
788,no,F,A,0,0,0,0,0,0,0,0,0,0,0,0,0,0,0
789,no,M,H,0,0,0,0,0,0,0,0,0,0,0,0,0,0,0
790,no,M,A,0,0,0,0,0,0,0,0,0,0,0,0,0,0,0
791,no,U,H,0,0,0,0,0,0,0,0,0,0,0,0,0,0,0
792,no,F,A,0,0,0,0,0,0,0,0,0,0,0,0,1,0,0
793,no,F,H,0,1,0,0,0,0,0,0,0,0,0,0,0,0,0
794,no,M,A,0,0,1,0,0,0,0,0,0,0,0,0,0,0,0
795,no,U,A,0,1,0,0,0,0,0,0,0,0,0,0,0,0,0
796,no,F,H,0,1,0,0,0,0,0,0,0,0,1,0,0,0,1
797,no,F,A,1,0,0,0,0,0,0,0,0,0,1,0,0,0,0
798,no,M,A,1,1,0,0,0,0,0,0,0,0,0,0,0,0,0
799,no,M,A,0,0,0,0,0,0,0,1,0,0,0,0,0,0,0
800,no,M,H,0,0,0,0,0,0,0,0,0,0,0,0,0,0,0
801,no,F,H,0,0,0,0,0,0,0,0,0,0,1,0,0,0,0
802,no,M,H,0,0,0,0,0,0,0,0,0,0,0,0,0,0,0
803,no,M,H,0,0,0,0,0,0,0,0,0,1,0,0,0,0,0
804,no,U,H,0,1,1,0,0,0,0,0,0,0,0,0,0,0,0
805,no,M,H,0,1,0,0,0,0,0,0,0,0,0,0,0,0,0
806,no,F,P,0,0,0,0,0,0,0,0,0,0,0,0,0,0,0
807,no,M,H,0,0,0,0,0,0,0,0,0,0,0,0,0,0,0
808,no,U,A,0,0,0,0,0,0,0,0,0,0,1,0,1,0,0
809,no,F,A,0,0,0,0,0,0,0,0,0,0,0,0,0,0,0
810,no,M,A,0,0,0,0,0,0,0,0,0,0,0,0,0,0,0
811,no,M,P,0,1,0,0,0,0,0,0,0,0,1,0,0,1,0
812,no,F,P,0,1,0,0,0,0,0,0,0,0,0,0,0,0,0
813,no,U,H,0,0,0,0,0,0,0,0,0,0,0,0,0,0,0
814,no,M,H,0,0,1,0,0,0,0,1,0,0,1,0,0,0,0
815,no,F,H,0,0,0,0,0,0,0,0,0,0,0,0,0,0,0
816,no,M,H,0,0,0,0,0,0,0,0,0,1,0,0,0,0,0
817,no,M,A,0,0,0,0,0,0,0,0,0,0,0,0,0,0,0
818,no,M,H,0,0,0,0,0,0,0,0,0,0,0,0,0,0,0
819,no,M,H,0,0,0,0,0,0,0,0,0,1,0,0,0,0,0
820,no,F,H,0,1,0,0,0,0,0,0,0,0,0,0,0,0,0
821,no,M,H,0,0,0,0,0,0,0,0,0,0,0,0,1,0,0
822,no,F,A,0,0,0,0,0,0,0,0,0,0,0,0,0,0,0
823,no,F,H,0,0,0,0,0,0,0,0,0,1,0,0,0,1,0
824,no,F,A,0,1,0,0,0,0,0,0,0,0,0,0,0,0,0
825,no,M,H,0,1,0,0,0,0,0,0,0,0,0,0,0,1,0
826,no,F,A,0,0,0,0,0,0,0,0,0,0,0,0,0,0,0
827,no,F,H,0,0,0,0,0,0,0,0,0,0,0,0,0,0,0
828,no,M,H,0,0,0,0,0,0,0,0,0,0,0,0,0,0,0
829,no,M,A,0,1,0,0,0,0,0,0,0,0,0,0,0,0,0
830,no,F,A,0,0,0,0,0,0,0,0,0,0,0,0,0,0,0
831,no,F,A,0,0,0,0,0,0,0,0,0,0,0,0,0,1,0
832,no,U,A,0,0,1,0,0,0,0,0,0,0,0,0,0,1,0
833,no,F,A,0,0,0,0,0,0,0,0,0,0,1,0,0,0,0
834,no,M,H,0,1,1,0,0,0,0,0,0,0,0,0,0,0,0
835,no,U,H,0,1,0,0,0,0,0,0,0,1,0,0,0,0,0
836,no,M,H,0,0,0,0,0,0,0,0,0,0,0,0,0,0,0
837,no,M,H,0,0,1,0,0,0,0,0,0,0,0,0,0,0,0
838,no,F,H,0,1,0,0,0,0,0,0,0,0,0,0,0,0,1
839,no,F,A,0,1,0,0,0,0,0,0,0,0,0,1,0,0,0
840,no,U,H,0,0,0,0,0,0,0,0,0,0,0,0,0,0,0
841,no,F,H,0,0,1,0,0,0,0,0,0,0,0,0,0,0,0
842,no,M,H,0,0,0,0,0,0,0,0,0,0,0,0,0,0,0
843,no,U,P,0,0,0,0,1,0,0,0,0,0,0,0,0,1,0
844,no,M,A,0,0,0,0,0,0,0,0,0,0,0,0,0,0,0
845,no,M,A,0,1,1,0,0,0,0,0,0,0,0,0,0,0,0
846,no,M,H,0,0,0,0,0,0,0,0,0,0,0,0,0,0,0
847,no,F,H,0,0,1,0,0,0,0,0,0,0,1,0,0,1,1
848,no,F,A,0,0,1,0,0,0,0,0,0,0,1,0,0,0,0
849,no,F,A,0,1,0,0,0,0,0,0,0,0,0,0,0,0,0
850,no,M,A,0,0,1,0,0,0,0,0,0,0,0,0,0,0,0
851,no,M,H,0,0,0,0,0,0,0,0,0,0,0,0,0,0,0
852,no,F,H,0,0,0,0,0,0,0,0,0,1,0,0,0,0,1
853,no,M,A,0,0,0,0,0,0,0,0,0,0,1,0,0,0,0
854,no,F,A,0,0,0,0,0,0,0,0,0,0,0,0,0,0,0
855,no,M,H,0,0,0,0,0,0,0,1,0,0,0,0,0,0,0
856,no,F,H,0,0,0,0,0,0,0,0,0,0,1,0,0,0,1
857,no,M,A,0,0,0,0,0,0,0,0,0,0,0,0,0,0,0
858,no,M,A,0,0,0,0,0,0,0,0,0,0,1,0,0,1,0
859,no,F,A,1,0,0,0,0,0,0,0,0,0,0,0,0,0,0
860,no,M,A,0,0,0,0,0,0,0,0,0,0,1,0,0,0,0
861,no,M,A,0,1,0,0,0,0,0,0,0,0,0,0,0,1,0
862,no,M,A,0,0,0,0,0,0,0,0,0,0,0,0,0,0,1
863,no,M,A,0,0,0,0,0,0,0,0,0,0,1,0,0,1,0
864,no,M,A,0,0,0,0,0,0,0,0,0,0,0,0,0,1,0
865,no,M,H,0,0,0,0,0,0,0,0,0,0,0,0,0,0,0
866,no,M,H,0,0,0,0,0,0,0,0,0,0,0,0,0,0,0
867,no,F,H,0,0,0,0,0,0,0,0,0,0,1,0,0,1,0
868,no,M,H,0,1,0,0,0,0,0,0,1,0,0,0,0,1,0
869,no,F,H,0,0,0,0,0,0,0,0,0,0,0,0,0,0,0
870,no,F,A,0,0,0,0,0,0,0,0,0,0,0,0,0,0,0
871,no,F,P,0,1,0,0,0,0,0,0,0,0,0,1,0,0,0
872,no,U,A,0,0,0,0,0,0,0,0,0,0,0,0,0,1,0
873,no,F,A,0,0,0,0,0,0,0,0,0,0,0,0,0,1,0
874,no,M,H,0,1,1,0,0,0,0,0,0,0,0,0,0,0,0
875,no,F,H,0,0,1,0,0,0,0,0,0,0,0,0,0,0,0
876,no,F,A,0,0,0,0,0,0,0,0,0,0,1,0,0,1,0
877,no,F,A,1,0,0,0,0,0,1,0,0,0,0,0,0,0,0
878,no,F,H,0,0,0,0,0,0,0,0,0,0,0,0,0,1,0
879,no,F,A,0,0,0,0,0,0,0,0,0,0,0,0,0,0,0
880,no,M,A,0,0,0,0,0,0,0,0,0,0,0,0,0,0,0
881,no,F,A,0,1,0,0,0,0,0,0,0,0,0,0,0,0,0
882,no,F,H,0,0,1,0,0,0,0,0,0,0,0,0,0,0,0
883,no,F,H,0,1,0,0,0,0,0,0,0,0,0,0,0,0,0
884,no,F,H,0,0,0,0,0,0,0,0,0,0,0,0,0,0,0
885,no,F,H,0,0,0,0,0,0,0,0,0,0,0,0,0,0,0
886,no,M,A,0,0,0,0,0,0,0,0,0,0,0,1,0,1,0
887,no,M,A,0,0,0,0,0,0,0,0,0,1,0,0,0,0,0
888,no,F,H,0,0,1,0,0,0,0,0,0,0,0,0,0,1,0
889,no,M,H,0,0,0,0,0,0,0,0,0,0,0,0,1,0,0
890,no,F,H,0,0,1,0,0,0,0,0,0,0,0,0,0,1,0
891,no,F,A,0,1,0,0,0,0,0,0,0,0,1,0,0,0,0
892,no,F,A,0,1,1,0,0,0,0,0,0,0,0,0,0,1,0
893,no,M,H,0,0,1,0,0,0,0,0,0,0,1,0,0,0,0
894,no,U,A,0,0,1,0,0,0,0,0,0,0,0,0,0,0,0
895,no,U,H,0,0,0,0,0,0,0,0,0,0,1,0,0,0,0
896,no,M,P,0,1,0,0,0,0,0,0,0,0,0,0,0,0,0
897,no,M,A,0,0,0,0,0,0,0,0,0,0,0,0,0,0,0
898,no,F,A,0,0,0,0,0,0,0,0,0,0,0,0,0,0,0
899,no,F,A,0,0,0,0,0,0,0,0,0,0,0,0,0,0,0
900,no,F,H,0,0,0,0,0,0,0,0,0,0,0,0,0,1,1
901,no,U,H,0,1,1,0,0,0,0,0,0,0,0,0,0,0,0
902,no,M,H,0,1,0,0,0,0,0,0,0,0,0,0,0,0,0
903,no,F,A,0,0,0,0,0,0,0,0,0,0,0,0,0,0,0
904,no,F,A,0,0,0,0,0,0,0,0,0,0,0,0,0,0,0
905,no,M,H,0,1,1,0,0,0,0,1,0,0,0,0,0,0,0
906,no,M,A,0,1,0,0,1,0,0,0,0,0,0,0,0,0,0
907,no,M,A,0,0,1,0,0,0,0,0,0,0,0,0,0,0,0
908,no,F,A,0,0,0,0,0,0,0,0,0,0,0,0,0,0,0
909,no,F,H,0,0,0,0,0,0,0,0,0,0,0,0,0,0,0
910,no,M,H,0,0,0,0,0,0,0,0,0,0,0,0,0,0,0
911,no,M,H,0,0,0,0,0,0,0,0,0,0,1,0,0,0,0
912,no,F,P,0,0,0,0,0,0,0,0,0,0,0,0,0,1,0
913,no,F,A,0,1,0,0,0,0,0,0,0,0,0,0,0,0,0
914,no,M,H,0,0,1,0,0,0,0,0,0,0,0,0,0,0,0
915,no,U,H,0,0,0,0,0,0,0,0,0,0,0,0,0,1,0
916,no,M,H,0,0,1,0,0,0,0,0,0,0,0,0,0,0,1
917,no,M,H,0,0,0,0,0,0,0,0,0,0,0,0,0,0,0
918,no,M,H,0,0,1,0,0,0,0,0,0,0,0,0,0,0,0
919,no,M,H,0,1,0,0,0,0,0,0,0,0,0,0,0,0,0
920,no,M,A,0,1,0,0,0,0,0,0,0,0,1,0,0,0,0
921,no,M,P,0,0,1,0,0,0,0,0,0,0,1,0,0,1,0
922,no,M,A,0,0,0,0,0,0,0,0,0,0,0,0,0,1,0
923,no,M,H,0,0,0,0,0,0,0,0,0,0,0,0,0,0,0
924,no,F,A,0,0,0,0,0,0,0,0,0,0,0,0,0,1,0
925,no,U,A,1,0,0,0,1,0,0,0,0,0,0,0,0,0,0
926,no,M,A,0,0,0,0,0,0,0,1,0,0,0,0,0,0,0
927,no,M,H,0,0,1,0,0,0,0,0,0,0,1,0,0,0,0
928,no,M,A,0,0,1,0,0,0,0,0,0,1,0,0,0,0,1
929,no,F,A,0,0,0,0,0,0,0,0,0,0,0,0,0,0,0
930,no,M,P,0,1,0,0,0,0,0,0,0,0,0,0,0,0,0
931,no,F,A,0,0,0,0,0,0,0,0,0,0,0,0,0,0,0
932,no,U,H,0,1,0,0,0,0,0,0,0,0,0,0,0,1,0
933,no,F,P,0,0,0,0,1,0,0,0,0,0,0,0,0,0,0
934,no,F,H,0,0,1,0,0,0,0,1,0,0,0,0,0,1,0
935,no,F,A,0,0,0,0,0,0,0,0,0,0,0,0,0,0,0
936,no,F,P,0,1,0,0,0,0,0,0,0,0,0,0,0,0,0
937,no,M,A,0,0,0,0,0,0,0,0,0,0,1,0,0,0,0
938,no,M,P,0,0,1,0,0,0,0,1,0,0,0,0,0,0,0
939,no,M,A,0,0,1,0,0,0,0,0,0,0,1,0,0,0,0
940,no,M,A,0,0,0,0,0,0,0,0,0,0,0,0,0,0,0
941,no,M,H,0,1,0,0,0,0,0,0,0,0,0,0,0,0,0
942,no,M,A,0,0,0,0,0,0,0,0,0,0,0,0,0,0,0
943,no,M,A,0,0,0,0,0,0,0,0,0,0,0,0,0,1,0
944,no,F,A,0,0,0,0,0,0,0,0,0,0,0,0,0,0,0
945,no,F,A,0,1,0,0,0,0,0,0,0,0,1,0,0,0,0
946,no,F,A,0,0,1,0,0,0,0,0,0,0,0,0,1,0,0
947,no,M,H,0,0,0,0,0,1,0,0,0,0,0,0,0,1,0
948,no,U,H,1,1,0,0,0,0,0,0,0,0,0,0,0,0,0
949,no,F,A,0,0,1,0,0,0,0,0,0,0,0,0,0,0,0
950,no,M,H,0,0,0,0,0,0,0,0,0,0,0,0,0,0,0
951,no,F,H,0,1,0,0,0,0,0,0,0,0,1,0,0,1,0
952,no,U,H,0,1,0,0,0,0,0,0,0,0,0,0,0,1,0
953,no,M,A,0,0,0,0,0,0,0,0,0,0,0,0,0,0,0
954,no,M,A,0,0,0,0,0,0,0,0,0,0,1,0,0,0,0
955,no,M,H,0,1,0,0,0,0,0,0,0,0,1,0,0,0,0
956,no,F,H,0,1,1,0,0,0,0,0,0,0,0,0,0,0,0
957,no,M,H,0,0,1,0,0,0,0,0,0,0,0,0,0,1,0
958,no,F,A,0,0,1,0,0,0,0,0,0,0,1,0,0,0,0
959,no,U,H,0,0,0,0,0,0,0,0,0,0,0,0,0,0,0
960,no,U,H,0,0,0,0,0,0,0,0,0,0,0,0,0,0,0
961,no,M,H,0,0,0,0,0,0,0,0,0,0,0,0,0,1,0
962,no,F,P,0,0,0,0,0,0,0,0,0,0,0,0,0,0,0
963,no,F,H,0,1,0,0,0,0,0,0,0,0,0,0,0,0,0
964,no,F,P,0,0,0,0,0,0,0,0,0,0,0,0,0,0,0
965,no,F,A,0,0,0,0,0,0,0,0,0,0,1,0,0,0,0
966,no,M,H,0,0,0,0,0,0,0,0,0,0,0,0,0,0,0
967,no,U,H,0,0,0,0,0,0,0,0,0,0,0,0,0,0,0
968,no,F,A,0,1,0,0,0,0,0,0,0,0,1,0,0,1,0
969,no,M,A,0,0,1,0,0,0,0,0,0,0,0,0,0,0,0
970,no,M,H,0,0,1,0,0,0,0,0,0,0,0,0,0,1,0
971,no,F,P,0,0,1,0,0,0,0,0,0,0,0,0,1,0,0
972,no,M,A,0,0,0,0,0,0,0,0,0,0,0,0,0,0,0
973,no,F,H,0,0,0,0,0,0,0,0,0,0,0,1,0,0,0
974,no,F,H,0,0,0,0,0,0,0,0,0,0,0,0,0,0,0
975,no,F,A,0,1,0,0,0,0,0,0,0,0,1,0,0,0,0
976,no,M,H,0,0,0,0,0,0,0,0,0,0,0,0,0,0,0
977,no,F,H,0,0,0,0,0,0,0,0,0,0,0,0,0,1,0
978,no,U,A,0,0,0,0,0,0,0,0,0,0,0,0,0,1,0
979,no,U,H,0,0,0,0,0,0,0,0,0,0,0,0,0,0,0
980,no,M,A,0,0,0,0,0,0,0,0,1,1,0,0,0,0,0
981,no,F,H,0,0,0,0,0,0,0,0,0,0,0,0,1,0,0
982,no,M,P,0,1,0,0,0,0,0,0,0,0,1,0,0,1,0
983,no,F,P,0,0,0,0,0,0,0,0,0,0,0,0,0,0,0
984,no,F,A,0,0,0,0,0,0,0,0,0,0,0,0,1,0,0
985,no,M,A,0,0,0,0,0,0,0,0,0,0,0,0,0,0,0
986,no,F,A,0,0,0,0,0,0,0,0,0,0,0,0,0,0,0
987,no,M,A,0,0,0,0,0,0,0,0,0,0,0,0,0,0,0
988,no,F,H,0,0,0,0,0,0,0,0,0,0,0,0,1,0,0
989,no,M,H,0,0,0,0,0,0,0,0,0,0,0,0,0,1,0
990,no,M,H,0,0,1,0,0,0,0,0,0,0,0,0,0,0,0
991,no,F,A,0,1,0,0,1,0,0,0,0,0,0,0,0,0,0
992,no,U,P,0,1,1,0,1,0,0,0,0,0,1,0,0,1,0
993,no,U,H,0,0,0,0,0,0,0,1,0,0,0,0,0,0,0
994,no,M,H,0,0,0,0,0,0,0,0,0,0,0,0,0,0,0
995,no,M,H,0,0,1,0,0,0,0,0,1,0,0,0,0,0,0
996,no,M,A,0,0,0,0,0,0,0,0,0,0,0,0,0,0,0
997,no,F,A,0,0,0,0,0,0,0,0,0,0,0,0,0,0,0
998,no,M,H,0,0,1,0,0,0,0,0,0,0,0,0,0,0,0
999,no,U,H,0,0,0,0,0,0,0,0,0,0,0,0,0,0,0
1000,no,M,A,0,0,0,0,0,0,0,1,0,0,0,0,0,0,1
