obs,survived,pclass,sex,age,sibsp,parch,fare,embarked,solo
1,1,3rd,female,24.64178708,0,0,7.75,Queenstown,1
2,1,3rd,male,32.89787305,0,0,7.75,Queenstown,1
3,1,3rd,female,18.454561,2,0,23.25,Queenstown,0
4,1,3rd,female,18.454561,2,0,23.25,Queenstown,0
5,1,3rd,male,28.79474706,2,0,23.25,Queenstown,0
6,1,3rd,female,24.39628354,0,0,7.7874999,Queenstown,1
7,0,3rd,male,33.79621814,0,0,15.5,Queenstown,1
8,1,3rd,female,24.21327665,0,0,7.87919998,Queenstown,1
9,0,3rd,male,32.89787305,0,0,7.75,Queenstown,1
10,0,3rd,female,24.64178708,0,0,7.75,Queenstown,1
11,0,3rd,female,24.53010458,0,0,8.05000019,Southampton,1
12,0,3rd,female,35.46524177,0,0,8.05000019,Southampton,1
13,0,3rd,male,32.89787305,0,0,7.75,Queenstown,1
14,0,3rd,male,28.42425189,0,0,8.05000019,Southampton,1
15,0,3rd,male,28.3087214,0,0,7.89580011,Southampton,1
16,1,3rd,female,24.21327665,0,0,7.87919998,Queenstown,1
17,0,3rd,male,28.42425189,0,0,8.05000019,Southampton,1
18,1,3rd,female,19.8140765,1,0,24.1499996,Queenstown,0
19,0,3rd,male,32.29941131,1,0,24.1499996,Queenstown,0
20,0,3rd,male,31.37309134,0,0,8.45829964,Queenstown,1
21,0,3rd,male,32.89787305,0,0,7.75,Queenstown,1
22,1,3rd,male,28.42336593,0,0,7.7750001,Southampton,1
23,1,3rd,male,6.996944971,1,1,15.2458,Cherbourg,0
24,1,3rd,male,6.996944971,1,1,15.2458,Cherbourg,0
25,1,3rd,female,28.98645715,0,2,15.2458,Cherbourg,0
26,1,3rd,female,31.9376636,0,0,7.22919989,Cherbourg,1
27,0,3rd,male,28.42425189,0,0,8.05000019,Southampton,1
28,1,3rd,female,23.75251296,0,0,7.73330021,Queenstown,1
29,0,3rd,male,28.42425189,0,0,8.05000019,Southampton,1
30,1,3rd,female,19.46062963,1,0,15.5,Queenstown,0
31,1,3rd,female,19.46062963,1,0,15.5,Queenstown,0
32,1,3rd,female,24.03332354,0,0,15.5,Queenstown,1
33,0,3rd,male,28.3087214,0,0,7.89580011,Southampton,1
34,0,3rd,male,27.82006172,0,0,7.22919989,Cherbourg,1
35,0,3rd,female,24.64178708,0,0,7.75,Queenstown,1
36,0,3rd,male,28.3087214,0,0,7.89580011,Southampton,1
37,0,1st,male,38.78556661,0,0,221.779205,Southampton,1
38,0,3rd,male,32.63490067,1,0,15.5,Queenstown,0
39,0,3rd,male,31.60848557,0,0,7.82919979,Queenstown,1
40,1,3rd,female,30.27176838,1,0,15.5,Queenstown,0
41,0,3rd,male,30.2923353,0,0,7.73330021,Queenstown,1
42,0,3rd,male,32.89787305,0,0,7.75,Queenstown,1
43,0,3rd,male,32.89787305,0,0,7.75,Queenstown,1
44,0,3rd,female,27.23783767,0,0,7.75,Queenstown,1
45,1,3rd,female,24.64178708,0,0,7.75,Queenstown,1
46,1,3rd,female,24.21327665,0,0,7.87919998,Queenstown,1
47,1,1st,female,46.2966633,0,0,31.6833,Southampton,1
48,1,3rd,male,32.89787305,0,0,7.75,Queenstown,1
49,1,3rd,female,24.23097949,0,0,7.82919979,Queenstown,1
50,0,3rd,male,28.93813683,0,0,7.3125,Southampton,1
51,1,1st,female,33.77274048,0,0,110.883301,Cherbourg,1
52,0,3rd,female,23.90074407,0,0,7.62919998,Queenstown,1
53,0,3rd,male,28.16179312,0,0,8.71249962,Cherbourg,1
54,0,3rd,male,30.03553815,0,0,7,Southampton,1
55,0,3rd,male,28.42336593,0,0,7.7750001,Southampton,1
56,0,3rd,male,28.42425189,0,0,8.05000019,Southampton,1
57,1,3rd,male,6.819229993,1,1,22.3582993,Cherbourg,0
58,1,3rd,female,8.013894558,1,1,22.3582993,Cherbourg,0
59,1,3rd,female,28.73531609,0,2,22.3582993,Cherbourg,0
60,0,3rd,female,23.94472163,0,0,8.13749981,Queenstown,1
61,0,3rd,male,28.3087214,0,0,7.89580011,Southampton,1
62,0,3rd,male,28.3087214,0,0,7.89580011,Southampton,1
63,0,3rd,male,28.3087214,0,0,7.89580011,Southampton,1
64,0,3rd,female,35.43589781,0,0,8.11250019,Southampton,1
65,0,3rd,male,27.82006172,0,0,7.22919989,Cherbourg,1
66,0,3rd,male,28.96514966,0,0,7.25,Southampton,1
67,1,3rd,female,23.79731296,0,0,7.72079992,Queenstown,1
68,0,3rd,male,29.45705419,0,0,14.5,Southampton,1
69,0,3rd,female,35.44327731,0,0,14.5,Southampton,1
70,0,3rd,male,28.42425189,0,0,8.05000019,Southampton,1
71,0,3rd,male,28.42336593,0,0,7.7750001,Southampton,1
72,1,3rd,female,24.53010458,0,0,8.05000019,Southampton,1
73,1,3rd,male,32.89787305,0,0,7.75,Queenstown,1
74,0,3rd,male,34.35676501,0,0,24.1499996,Queenstown,1
75,0,3rd,male,27.82006172,0,0,7.22919989,Cherbourg,1
76,0,3rd,male,28.01836642,0,0,7.2249999,Cherbourg,1
77,0,3rd,male,30.2923353,0,0,7.72919989,Queenstown,1
78,0,3rd,male,28.84137123,0,0,7.57499981,Southampton,1
79,0,3rd,male,11.31903165,8,2,69.5500031,Southampton,0
80,0,3rd,female,15.00885191,8,2,69.5500031,Southampton,0
81,0,3rd,female,15.00885191,8,2,69.5500031,Southampton,0
82,0,3rd,female,15.00885191,8,2,69.5500031,Southampton,0
83,0,3rd,female,15.00885191,8,2,69.5500031,Southampton,0
84,0,3rd,male,20.37112736,8,2,69.5500031,Southampton,0
85,0,3rd,male,20.37112736,8,2,69.5500031,Southampton,0
86,0,3rd,male,20.37112736,8,2,69.5500031,Southampton,0
87,0,3rd,male,38.5462127,1,9,69.5500031,Southampton,0
88,0,3rd,female,41.0373569,1,9,69.5500031,Southampton,0
89,0,3rd,male,24.40057284,2,0,21.6791992,Cherbourg,0
90,0,3rd,male,24.40057284,2,0,21.6791992,Cherbourg,0
91,0,3rd,male,24.40057284,2,0,21.6791992,Cherbourg,0
92,0,1st,male,43.56097659,0,0,26.5499992,Southampton,1
93,0,3rd,male,30.2923353,0,0,7.7249999,Queenstown,1
94,0,3rd,male,28.3087214,0,0,7.89580011,Southampton,1
95,0,3rd,male,32.89787305,0,0,7.75,Queenstown,1
96,0,3rd,male,29.70321061,0,0,15.1000004,Southampton,1
97,1,3rd,female,24.42540946,0,0,7.77920008,Queenstown,1
98,0,3rd,male,28.42425189,0,0,8.05000019,Southampton,1
99,0,3rd,male,28.42425189,0,0,8.05000019,Southampton,1
100,0,3rd,male,28.42425189,0,0,8.05000019,Southampton,1
101,0,3rd,male,28.3087214,0,0,7.89580011,Southampton,1
102,0,3rd,male,28.42425189,0,0,8.05000019,Southampton,1
103,0,3rd,male,27.93408629,0,0,8.66250038,Southampton,1
104,0,3rd,male,32.89787305,0,0,7.75,Queenstown,1
105,1,3rd,female,23.75251296,0,0,7.73330021,Queenstown,1
106,1,1st,female,38.95678374,1,0,133.649994,Southampton,0
107,0,3rd,male,28.42425189,0,0,8.05000019,Southampton,1
108,0,3rd,male,28.3087214,0,0,7.89580011,Southampton,1
109,0,3rd,male,25.0190534,1,0,6.4375,Cherbourg,0
110,0,3rd,male,29.88004539,0,0,6.4375,Cherbourg,1
111,0,3rd,male,28.01836642,0,0,7.2249999,Cherbourg,1
112,0,3rd,male,28.42425189,0,0,8.05000019,Southampton,1
113,0,3rd,male,29.30449648,1,0,16.1000004,Southampton,0
114,1,3rd,female,29.62030126,1,0,16.1000004,Southampton,0
115,0,3rd,male,32.89787305,0,0,7.75,Queenstown,1
116,0,3rd,male,28.3087214,0,0,7.89580011,Southampton,1
117,0,3rd,male,27.82006172,0,0,7.22919989,Cherbourg,1
118,0,3rd,male,27.82006172,0,0,7.22919989,Cherbourg,1
119,0,1st,male,41.0031911,0,0,0,Southampton,1
120,0,3rd,male,6.293882524,1,1,14.5,Southampton,0
121,0,3rd,male,27.97228133,0,0,9.5,Southampton,1
122,0,3rd,male,28.42425189,0,0,8.05000019,Southampton,1
123,0,3rd,male,28.85594301,0,0,7.55000019,Southampton,1
124,0,3rd,male,28.42425189,0,0,8.05000019,Southampton,1
125,0,3rd,male,27.93621962,0,0,8.71249962,Southampton,1
126,0,3rd,male,28.85594301,0,0,7.55000019,Southampton,1
127,0,3rd,male,28.42425189,0,0,8.05000019,Southampton,1
128,0,3rd,male,28.96514966,0,0,7.25,Southampton,1
129,0,3rd,male,28.01836642,0,0,7.2249999,Cherbourg,1
130,0,3rd,male,27.22598898,0,0,14.4582996,Cherbourg,1
131,0,3rd,female,18.33951678,1,0,14.4541998,Cherbourg,0
132,1,1st,female,37.40417954,1,0,89.1042023,Cherbourg,0
133,0,1st,male,41.65018865,0,0,42.4000015,Southampton,1
134,1,1st,male,43.81698257,0,0,30,Southampton,1
135,0,1st,male,41.30166369,0,0,51.8624992,Southampton,1
136,0,1st,male,43.12935852,0,0,25.9249992,Southampton,1
137,0,1st,male,42.60466645,0,0,30.6958008,Cherbourg,1
138,1,1st,female,38.60905536,1,0,51.8624992,Southampton,0
139,0,1st,male,43.56097659,0,0,26.5499992,Southampton,1
140,0,1st,male,39.90609385,0,0,27.7208004,Cherbourg,1
141,1,1st,male,41.42749058,0,0,29.7000008,Cherbourg,1
142,1,1st,female,39.00751392,1,0,82.1707993,Cherbourg,0
143,1,1st,male,38.88355052,0,0,25.7416992,Cherbourg,1
144,0,1st,male,41.0031911,0,0,0,Southampton,1
145,1,1st,male,41.95579549,0,0,39.5999985,Southampton,1
146,0,1st,male,36.69019269,0,0,227.524994,Cherbourg,1
147,0,1st,male,41.85672486,0,0,50,Southampton,1
148,1,1st,male,43.51905443,0,0,30.5,Southampton,1
149,1,1st,male,43.10235476,0,0,26,Southampton,1
150,0,1st,male,43.10235476,0,0,26,Southampton,1
151,1,1st,female,36.09832203,1,0,146.520798,Cherbourg,0
152,0,1st,male,39.90609385,0,0,27.7208004,Cherbourg,1
153,1,1st,female,38.00279485,1,0,52,Southampton,0
154,1,1st,female,47.90020605,0,0,79.1999969,Cherbourg,1
155,0,1st,male,43.28182302,0,0,35,Southampton,1
156,1,1st,male,42.54557367,0,0,35.5,Southampton,1
157,0,2nd,male,34.58418323,0,0,0,Southampton,1
158,1,1st,male,43.56097659,0,0,26.5499992,Southampton,1
159,0,2nd,female,34.19675895,0,0,21,Southampton,1
160,0,2nd,male,34.58418323,0,0,0,Southampton,1
161,0,1st,male,41.16587908,0,0,39.5999985,Cherbourg,1
162,0,2nd,male,34.58418323,0,0,0,Southampton,1
163,0,1st,male,43.73572026,0,0,31,Southampton,1
164,1,2nd,female,29.24878255,0,0,12.3500004,Queenstown,1
165,0,2nd,male,34.58418323,0,0,0,Southampton,1
166,0,2nd,male,41.25148568,0,0,10.7082996,Queenstown,1
167,1,2nd,female,25.97566886,0,0,33,Southampton,1
168,0,2nd,male,30.61283728,0,0,15.0458002,Cherbourg,1
169,0,2nd,male,30.56170827,0,0,15.5791998,Cherbourg,1
170,1,2nd,male,30.05815533,0,0,13.8625002,Cherbourg,1
171,0,2nd,male,34.58418323,0,0,0,Southampton,1
172,0,2nd,male,30.61283728,0,0,15.0500002,Cherbourg,1
173,0,2nd,male,34.58418323,0,0,0,Southampton,1
174,0,2nd,male,32.070393,0,0,12.875,Southampton,1
175,1,2nd,male,32.0480892,0,0,13,Southampton,1
176,1,1st,female,47.17070998,0,0,27.7208004,Cherbourg,1
177,0,3rd,male,18.51650494,0,0,7.22919989,Cherbourg,1
178,0,3rd,male,28.01836642,0,0,7.2249999,Cherbourg,1
179,0,3rd,female,28.98645715,0,2,15.2458,Cherbourg,0
180,0,3rd,female,13.83061943,0,2,7.75,Queenstown,0
181,1,1st,female,42.40982186,0,1,55,Southampton,0
182,0,3rd,male,25.10719569,1,0,14.4582996,Cherbourg,0
183,0,3rd,female,23.84423377,1,0,14.4582996,Cherbourg,0
184,0,1st,male,41.0031911,0,0,0,Southampton,1
185,0,1st,male,40.78751921,0,0,52,Southampton,1
186,0,3rd,male,29.30449648,1,0,16.1000004,Southampton,0
187,1,3rd,female,29.62030126,1,0,16.1000004,Southampton,0
188,0,3rd,male,28.3087214,0,0,7.89580011,Southampton,1
189,0,3rd,male,28.3087214,0,0,7.89580011,Southampton,1
190,0,3rd,male,27.82006172,0,0,7.22919989,Cherbourg,1
191,0,3rd,male,28.01836642,0,0,7.2249999,Cherbourg,1
192,0,3rd,male,28.01836642,0,0,7.2249999,Cherbourg,1
193,1,3rd,male,29.1772649,0,0,7.05000019,Southampton,1
194,0,3rd,female,24.64178708,0,0,7.75,Queenstown,1
195,0,3rd,male,32.89787305,0,0,7.75,Queenstown,1
196,0,3rd,male,30.11999293,0,0,6.94999981,Queenstown,1
197,0,3rd,male,32.89787305,0,0,7.75,Queenstown,1
198,1,3rd,male,30.82150529,0,0,56.4958,Southampton,1
199,0,3rd,male,28.42425189,0,0,8.05000019,Southampton,1
200,0,1st,male,43.56097659,0,0,26.5499992,Southampton,1
201,0,3rd,male,32.89787305,0,0,7.75,Queenstown,1
202,0,3rd,male,28.96514966,0,0,7.25,Southampton,1
203,0,3rd,male,29.45705419,0,0,14.5,Southampton,1
204,0,3rd,male,28.40033668,0,0,7.89580011,Cherbourg,1
205,1,3rd,female,24.64178708,0,0,7.75,Queenstown,1
206,0,3rd,male,28.42425189,0,0,8.05000019,Southampton,1
207,0,3rd,male,28.52003877,1,0,19.9666996,Southampton,0
208,0,3rd,male,28.52003877,1,0,19.9666996,Southampton,0
209,0,3rd,female,23.96340735,0,0,7.55000019,Southampton,1
210,0,3rd,male,30.07290833,0,0,6.85830021,Queenstown,1
211,1,3rd,female,24.64178708,0,0,7.75,Queenstown,1
212,1,3rd,male,30.82150529,0,0,56.4958,Southampton,1
213,0,3rd,female,24.64178708,0,0,7.75,Queenstown,1
214,0,3rd,male,32.89787305,0,0,7.75,Queenstown,1
215,1,3rd,female,24.53010458,0,0,8.05000019,Southampton,1
216,1,3rd,male,28.29388579,0,0,7.88749981,Southampton,1
217,0,3rd,male,28.3087214,0,0,7.89580011,Southampton,1
218,0,3rd,male,28.3087214,0,0,7.89580011,Southampton,1
219,0,3rd,male,29.1772649,0,0,7.05000019,Southampton,1
220,1,3rd,female,24.64178708,0,0,7.75,Queenstown,1
221,1,3rd,male,28.11418894,0,0,8.11250019,Southampton,1
222,0,3rd,male,6.416285906,1,2,23.4500008,Southampton,0
223,0,3rd,female,7.93791932,1,2,23.4500008,Southampton,0
224,0,3rd,male,29.42471059,1,2,23.4500008,Southampton,0
225,0,3rd,female,31.51522876,1,2,23.4500008,Southampton,0
226,0,3rd,male,27.82006172,0,0,7.22919989,Cherbourg,1
227,0,3rd,male,32.89787305,0,0,7.75,Queenstown,1
228,0,3rd,male,28.96514966,0,0,7.25,Southampton,1
229,1,3rd,female,24.64178708,0,0,7.75,Queenstown,1
230,1,3rd,female,24.64178708,0,0,7.75,Queenstown,1
231,1,3rd,male,32.89787305,0,0,7.75,Queenstown,1
232,0,3rd,male,25.11002903,1,0,14.4541998,Cherbourg,0
233,0,3rd,female,23.84123377,1,0,14.4541998,Cherbourg,0
234,0,3rd,male,28.71780659,1,0,7.75,Queenstown,0
235,0,3rd,male,28.71780659,1,0,7.75,Queenstown,0
236,0,3rd,male,30.2923353,0,0,7.73750019,Queenstown,1
237,0,3rd,male,28.40033668,0,0,7.89580011,Cherbourg,1
238,0,3rd,male,28.01836642,0,0,7.2249999,Cherbourg,1
239,0,3rd,male,28.3087214,0,0,7.89580011,Southampton,1
240,1,3rd,male,30.82150529,0,0,56.4958,Southampton,1
241,0,3rd,male,30.82150529,0,0,56.4958,Southampton,1
242,0,3rd,male,32.89787305,0,0,7.75,Queenstown,1
243,0,3rd,male,6.156919623,3,1,25.4666996,Southampton,0
244,0,3rd,female,8.030947356,3,1,25.4666996,Southampton,0
245,0,3rd,female,8.030947356,3,1,25.4666996,Southampton,0
246,0,3rd,female,8.030947356,3,1,25.4666996,Southampton,0
247,0,3rd,female,37.02816445,0,4,25.4666996,Southampton,0
248,0,3rd,female,19.46062963,1,0,15.5,Queenstown,0
249,0,3rd,male,32.63490067,1,0,15.5,Queenstown,0
250,0,3rd,male,31.57560988,0,0,7.87919998,Queenstown,1
251,0,3rd,male,28.85594301,0,0,7.55000019,Southampton,1
252,0,3rd,male,28.29539245,0,0,7.87919998,Southampton,1
253,0,3rd,male,28.3087214,0,0,7.89580011,Southampton,1
254,0,3rd,male,28.85594301,0,0,7.55000019,Southampton,1
255,1,3rd,female,24.64178708,0,0,7.75,Queenstown,1
256,0,3rd,female,24.21327665,0,0,7.87919998,Queenstown,1
257,0,3rd,male,32.89787305,0,0,7.75,Queenstown,1
258,0,3rd,male,28.42425189,0,0,8.05000019,Southampton,1
259,1,3rd,male,27.82006172,0,0,7.22919989,Cherbourg,1
260,1,3rd,female,23.78620038,0,0,7.73750019,Queenstown,1
261,0,3rd,male,27.82006172,0,0,7.22919989,Cherbourg,1
262,1,3rd,female,33.21154155,0,0,7.2249999,Cherbourg,1
263,0,3rd,male,28.40033668,0,0,7.89580011,Cherbourg,1
264,1,1st,female,29,0,0,211.337494,Southampton,1
265,0,1st,male,71,0,0,49.5042,Cherbourg,1
266,1,1st,female,48,1,0,39.5999985,Cherbourg,0
267,1,3rd,female,15,0,0,8.0291996,Queenstown,1
268,0,3rd,female,35,0,0,7.75,Queenstown,1
269,1,1st,male,49,1,0,56.9291992,Cherbourg,0
270,0,3rd,male,24,1,0,16.1000004,Southampton,0
271,0,3rd,female,19,1,0,16.1000004,Southampton,0
272,0,3rd,male,55.5,0,0,8.05000019,Southampton,1
273,1,3rd,male,21,0,0,7.7750001,Southampton,1
274,0,1st,male,39,0,0,29.7000008,Cherbourg,1
275,0,3rd,male,24,0,0,7.89580011,Southampton,1
276,0,3rd,male,21,0,0,7.89580011,Southampton,1
277,0,3rd,male,28,0,0,7.89580011,Southampton,1
278,0,3rd,male,25,0,0,7.6500001,Southampton,1
279,1,3rd,male,6,0,1,12.4750004,Southampton,0
280,1,3rd,female,27,0,1,12.4750004,Southampton,0
281,1,1st,female,23,0,1,83.1583023,Cherbourg,0
282,0,3rd,male,34,0,0,8.05000019,Southampton,1
283,1,1st,female,38,0,0,227.524994,Cherbourg,1
284,1,3rd,female,24,0,0,7.75,Queenstown,1
285,0,3rd,male,18,0,0,7.75,Southampton,1
286,0,3rd,male,22,0,0,7.89580011,Southampton,1
287,1,3rd,female,15,0,0,7.2249999,Cherbourg,1
288,1,3rd,female,1,0,2,15.7417002,Cherbourg,0
289,1,1st,female,54,1,0,78.2667007,Cherbourg,0
290,1,3rd,male,20,1,1,15.7417002,Cherbourg,0
291,1,3rd,female,19,1,1,15.7417002,Cherbourg,0
292,0,3rd,male,33,0,0,8.05000019,Southampton,1
293,1,3rd,male,12,1,0,11.2417002,Cherbourg,0
294,1,3rd,female,14,1,0,11.2417002,Cherbourg,0
295,0,3rd,female,29,0,0,7.92500019,Southampton,1
296,0,1st,female,36,0,0,31.6791992,Cherbourg,1
297,0,3rd,male,28,0,0,8.05000019,Southampton,1
298,1,3rd,female,18,0,0,7.7750001,Southampton,1
299,1,3rd,female,26,0,0,7.85419989,Southampton,1
300,0,3rd,male,21,0,0,7.85419989,Southampton,1
301,0,3rd,male,41,0,0,7.125,Southampton,1
302,1,3rd,male,39,0,0,7.92500019,Southampton,1
303,0,3rd,male,21,0,0,7.80000019,Southampton,1
304,0,3rd,male,28.5,0,0,7.22919989,Cherbourg,1
305,1,3rd,female,22,0,0,7.75,Southampton,1
306,0,3rd,male,61,0,0,6.23750019,Southampton,1
307,0,3rd,male,23,0,0,9.22500038,Southampton,1
308,1,3rd,female,22,0,0,7.7750001,Southampton,1
309,1,3rd,male,9,0,1,3.17079997,Southampton,0
310,0,3rd,male,28,0,0,22.5249996,Southampton,1
311,0,3rd,male,42,0,1,8.4041996,Southampton,0
312,0,3rd,female,31,0,0,7.85419989,Southampton,1
313,0,3rd,male,28,0,0,7.85419989,Southampton,1
314,1,3rd,male,32,0,0,7.7750001,Southampton,1
315,0,3rd,male,20,0,0,9.22500038,Southampton,1
316,0,3rd,female,23,0,0,8.66250038,Southampton,1
317,0,3rd,female,20,0,0,8.66250038,Southampton,1
318,0,3rd,male,20,0,0,8.66250038,Southampton,1
319,0,3rd,male,16,0,0,9.2166996,Southampton,1
320,1,3rd,female,31,0,0,8.68330002,Southampton,1
321,0,3rd,male,2,3,1,21.0750008,Southampton,0
322,0,3rd,male,6,3,1,21.0750008,Southampton,0
323,0,3rd,female,3,3,1,21.0750008,Southampton,0
324,0,1st,male,47,1,0,227.524994,Cherbourg,0
325,1,1st,male,36,0,0,26.3875008,Southampton,1
326,0,3rd,female,8,3,1,21.0750008,Southampton,0
327,0,3rd,female,29,0,4,21.0750008,Southampton,0
328,0,3rd,male,1,4,1,39.6875,Southampton,0
329,0,3rd,male,7,4,1,39.6875,Southampton,0
330,0,3rd,male,2,4,1,39.6875,Southampton,0
331,0,3rd,male,16,4,1,39.6875,Southampton,0
332,0,3rd,male,14,4,1,39.6875,Southampton,0
333,0,3rd,female,41,0,5,39.6875,Southampton,0
334,0,3rd,male,21,0,0,8.66250038,Southampton,1
335,0,3rd,male,19,0,0,14.5,Southampton,1
336,0,1st,male,30,0,0,27.75,Cherbourg,1
337,0,3rd,male,32,0,0,7.89580011,Southampton,1
338,0,3rd,male,0.75,1,1,13.7749996,Southampton,0
339,0,3rd,female,3,1,1,13.7749996,Southampton,0
340,0,3rd,female,26,0,2,13.7749996,Southampton,0
341,0,3rd,male,21,0,0,7.92500019,Southampton,1
342,0,3rd,male,25,0,0,7.92500019,Southampton,1
343,1,1st,female,24,3,2,263,Southampton,0
344,0,3rd,male,22,0,0,7.25,Southampton,1
345,1,3rd,male,25,1,0,7.7750001,Southampton,0
346,0,3rd,male,24,0,0,8.05000019,Southampton,1
347,0,3rd,female,28,0,0,7.89580011,Southampton,1
348,0,3rd,male,19,0,0,7.89580011,Southampton,1
349,1,1st,female,28,3,2,263,Southampton,0
350,0,3rd,male,25,1,0,7.7750001,Southampton,0
351,0,3rd,female,18,0,0,7.7750001,Southampton,1
352,1,3rd,male,32,0,0,8.05000019,Southampton,1
353,0,3rd,male,17,0,0,8.66250038,Southampton,1
354,0,3rd,male,24,0,0,8.66250038,Southampton,1
355,1,1st,female,23,3,2,263,Southampton,0
356,0,3rd,male,38,0,0,7.89580011,Southampton,1
357,0,3rd,male,21,0,0,8.05000019,Southampton,1
358,0,3rd,male,10,4,1,29.125,Queenstown,0
359,0,3rd,male,4,4,1,29.125,Queenstown,0
360,0,3rd,male,7,4,1,29.125,Queenstown,0
361,0,3rd,male,2,4,1,29.125,Queenstown,0
362,0,3rd,male,8,4,1,29.125,Queenstown,0
363,0,3rd,female,39,0,5,29.125,Queenstown,0
364,0,3rd,female,22,0,0,39.6875,Southampton,1
365,0,3rd,male,35,0,0,7.125,Southampton,1
366,0,1st,male,19,3,2,263,Southampton,0
367,0,3rd,male,50,1,0,14.5,Southampton,0
368,0,3rd,female,47,1,0,14.5,Southampton,0
369,0,3rd,female,2,1,1,20.2124996,Southampton,0
370,0,3rd,male,18,1,1,20.2124996,Southampton,0
371,0,3rd,female,41,0,2,20.2124996,Southampton,0
372,0,1st,male,64,1,4,263,Southampton,0
373,0,3rd,male,50,0,0,8.05000019,Southampton,1
374,0,3rd,male,16,0,0,8.05000019,Southampton,1
375,0,3rd,male,25,0,0,7.2249999,Cherbourg,1
376,1,1st,female,60,1,4,263,Southampton,0
377,0,3rd,male,38.5,0,0,7.25,Southampton,1
378,0,3rd,male,14.5,8,2,69.5500031,Southampton,0
379,1,1st,female,30,0,0,56.9291992,Cherbourg,1
380,0,3rd,male,24,0,0,9.32499981,Southampton,1
381,1,3rd,female,21,0,0,7.6500001,Southampton,1
382,0,3rd,male,39,0,0,7.92500019,Southampton,1
383,1,3rd,female,1,1,1,16.7000008,Southampton,0
384,1,3rd,female,24,0,2,16.7000008,Southampton,0
385,1,3rd,female,4,1,1,16.7000008,Southampton,0
386,1,3rd,male,25,0,0,9.5,Southampton,1
387,0,3rd,male,20,0,0,8.05000019,Southampton,1
388,0,3rd,male,24.5,0,0,8.05000019,Southampton,1
389,1,3rd,male,29,0,0,9.5,Southampton,1
390,1,1st,female,18,1,0,227.524994,Cherbourg,0
391,1,1st,male,50,2,0,133.649994,Southampton,0
392,0,3rd,male,22,0,0,7.22919989,Cherbourg,1
393,0,3rd,male,40,0,0,7.89580011,Southampton,1
394,0,3rd,male,21,0,0,7.92500019,Southampton,1
395,1,3rd,female,18,0,0,7.49580002,Southampton,1
396,0,3rd,male,4,3,2,27.8999996,Southampton,0
397,0,3rd,male,10,3,2,27.8999996,Southampton,0
398,0,3rd,female,9,3,2,27.8999996,Southampton,0
399,1,1st,male,43,1,0,27.7208004,Cherbourg,0
400,0,3rd,female,2,3,2,27.8999996,Southampton,0
401,0,3rd,male,40,1,4,27.8999996,Southampton,0
402,0,3rd,female,45,1,4,27.8999996,Southampton,0
403,0,3rd,male,19,0,0,7.6500001,Southampton,1
404,0,3rd,male,30,0,0,8.05000019,Southampton,1
405,0,3rd,male,32,0,0,8.05000019,Southampton,1
406,0,3rd,male,33,0,0,8.66250038,Cherbourg,1
407,1,3rd,female,23,0,0,7.55000019,Southampton,1
408,0,3rd,male,21,0,0,8.05000019,Southampton,1
409,0,3rd,male,60.5,0,0,33.29547939,Southampton,1
410,0,3rd,male,19,0,0,7.89580011,Southampton,1
411,0,3rd,female,22,0,0,9.83749962,Southampton,1
412,1,3rd,male,31,0,0,7.92500019,Southampton,1
413,1,1st,female,22,0,2,49.5,Cherbourg,0
414,0,3rd,male,27,0,0,8.66250038,Southampton,1
415,0,3rd,female,2,0,1,10.4624996,Southampton,0
416,0,3rd,female,29,1,1,10.4624996,Southampton,0
417,1,3rd,male,16,0,0,8.05000019,Southampton,1
418,1,3rd,male,44,0,0,7.92500019,Southampton,1
419,0,3rd,male,25,0,0,7.05000019,Southampton,1
420,0,3rd,male,74,0,0,7.7750001,Southampton,1
421,1,3rd,male,14,0,0,9.22500038,Southampton,1
422,0,3rd,male,24,0,0,7.79580021,Southampton,1
423,1,3rd,male,25,0,0,7.79580021,Southampton,1
424,1,1st,male,60,1,1,79.1999969,Cherbourg,0
425,0,3rd,male,34,0,0,8.05000019,Southampton,1
426,1,3rd,male,0.416700006,0,1,8.51669979,Cherbourg,0
427,1,3rd,female,16,1,1,8.51669979,Cherbourg,0
428,0,3rd,male,32,0,0,7.92500019,Southampton,1
429,1,1st,female,48,1,1,79.1999969,Cherbourg,0
430,0,3rd,male,30.5,0,0,8.05000019,Southampton,1
431,0,3rd,male,44,0,0,8.05000019,Southampton,1
432,1,3rd,male,25,0,0,0,Southampton,1
433,1,3rd,male,7,1,1,15.2458,Cherbourg,0
434,1,3rd,female,9,1,1,15.2458,Cherbourg,0
435,1,3rd,female,29,0,2,15.2458,Cherbourg,0
436,0,3rd,male,36,0,0,7.89580011,Southampton,1
437,1,3rd,female,18,0,0,9.8416996,Southampton,1
438,1,3rd,female,63,0,0,9.58749962,Southampton,1
439,0,3rd,male,11.5,1,1,14.5,Southampton,0
440,0,3rd,male,40.5,0,2,14.5,Southampton,0
441,0,3rd,female,10,0,2,24.1499996,Southampton,0
442,0,3rd,male,36,1,1,24.1499996,Southampton,0
443,0,3rd,female,30,1,1,24.1499996,Southampton,0
444,0,1st,male,37,1,0,53.0999985,Southampton,0
445,0,3rd,male,33,0,0,9.5,Southampton,1
446,0,3rd,male,28,0,0,9.5,Southampton,1
447,0,3rd,male,28,0,0,9.5,Southampton,1
448,0,3rd,male,47,0,0,9,Southampton,1
449,0,3rd,female,18,2,0,18,Southampton,0
450,0,3rd,male,31,3,0,18,Southampton,0
451,0,3rd,male,16,2,0,18,Southampton,0
452,0,3rd,female,31,1,0,18,Southampton,0
453,1,3rd,male,22,0,0,7.2249999,Cherbourg,1
454,0,3rd,male,20,0,0,7.85419989,Southampton,1
455,1,1st,female,35,1,0,53.0999985,Southampton,0
456,0,3rd,female,14,0,0,7.85419989,Southampton,1
457,0,3rd,male,22,0,0,7.89580011,Southampton,1
458,0,3rd,male,22,0,0,9,Southampton,1
459,0,3rd,male,32.5,0,0,9.5,Southampton,1
460,1,3rd,female,38,0,0,7.22919989,Cherbourg,1
461,0,3rd,male,51,0,0,7.75,Southampton,1
462,0,3rd,male,18,1,0,6.49580002,Southampton,0
463,0,1st,male,47,0,0,38.5,Southampton,1
464,0,3rd,male,21,1,0,6.49580002,Southampton,0
465,1,3rd,female,47,1,0,7,Southampton,0
466,0,3rd,male,28.5,0,0,16.1000004,Southampton,1
467,0,3rd,male,21,0,0,7.25,Southampton,1
468,0,3rd,male,27,0,0,8.66250038,Southampton,1
469,0,3rd,male,36,0,0,9.5,Southampton,1
470,1,1st,female,24,0,0,69.3000031,Cherbourg,1
471,1,1st,female,35,0,0,211.5,Cherbourg,1
472,0,3rd,male,27,1,0,14.4541998,Cherbourg,0
473,1,3rd,female,15,1,0,14.4541998,Cherbourg,0
474,0,3rd,male,45.5,0,0,7.2249999,Cherbourg,1
475,0,3rd,female,14.5,1,0,14.4541998,Cherbourg,0
476,0,3rd,male,26.5,0,0,7.2249999,Cherbourg,1
477,0,3rd,male,27,0,0,7.2249999,Cherbourg,1
478,0,3rd,male,29,0,0,7.875,Southampton,1
479,1,1st,female,22,0,1,59.4000015,Cherbourg,0
480,1,1st,female,45,0,1,59.4000015,Cherbourg,0
481,0,1st,male,24,0,0,79.1999969,Cherbourg,1
482,1,1st,male,49,1,0,89.1042023,Cherbourg,0
483,0,1st,male,71,0,0,34.6542015,Cherbourg,1
484,1,1st,male,53,0,0,28.5,Cherbourg,1
485,1,1st,female,19,0,0,30,Southampton,1
486,0,1st,male,38,0,1,153.462494,Southampton,0
487,1,1st,female,26,0,0,78.8499985,Southampton,1
488,1,1st,female,58,0,1,153.462494,Southampton,0
489,1,1st,male,23,0,1,63.3582993,Cherbourg,0
490,1,1st,female,45,0,1,63.3582993,Cherbourg,0
491,0,1st,male,46,0,0,79.1999969,Cherbourg,1
492,1,1st,male,25,1,0,55.4417,Cherbourg,0
493,1,1st,female,25,1,0,55.4417,Cherbourg,0
494,1,1st,male,48,1,0,76.7292023,Cherbourg,0
495,1,1st,female,49,1,0,76.7292023,Cherbourg,0
496,0,1st,male,45,1,0,83.4749985,Southampton,0
497,1,1st,male,80,0,0,30,Southampton,1
498,1,1st,female,35,1,0,83.4749985,Southampton,0
499,0,1st,male,40,0,0,0,Southampton,1
500,1,1st,male,27,0,0,76.7292023,Cherbourg,1
501,1,1st,female,24,0,0,83.1583023,Cherbourg,1
502,0,1st,male,55,1,1,93.5,Southampton,0
503,1,1st,female,52,1,1,93.5,Southampton,0
504,0,1st,male,42,0,0,42.5,Southampton,1
505,0,1st,male,55,0,0,50,Southampton,1
506,1,1st,female,16,0,1,57.9791985,Cherbourg,0
507,1,1st,female,44,0,1,57.9791985,Cherbourg,0
508,1,1st,female,51,1,0,77.9582977,Southampton,0
509,0,1st,male,42,1,0,52,Southampton,0
510,1,1st,female,35,1,0,52,Southampton,0
511,1,1st,male,35,0,0,26.5499992,Cherbourg,1
512,1,1st,male,38,1,0,90,Southampton,0
513,1,1st,female,35,1,0,90,Southampton,0
514,1,1st,female,38,0,0,80,Southampton,1
515,0,1st,male,24,0,1,247.520798,Cherbourg,0
516,0,1st,female,50,0,0,28.7124996,Cherbourg,1
517,1,1st,male,49,0,0,0,Southampton,1
518,0,1st,male,46,0,0,26,Southampton,1
519,0,1st,male,50,0,0,26,Southampton,1
520,0,1st,male,32.5,0,0,211.5,Cherbourg,1
521,0,1st,male,58,0,0,29.7000008,Cherbourg,1
522,0,1st,male,41,1,0,51.8624992,Southampton,0
523,1,1st,male,42,1,0,52.5541992,Southampton,0
524,1,1st,female,45,1,0,52.5541992,Southampton,0
525,1,1st,female,50,0,1,247.520798,Cherbourg,0
526,1,1st,female,39,0,0,211.337494,Southampton,1
527,1,1st,female,49,0,0,25.9291992,Southampton,1
528,1,1st,female,30,0,0,106.425003,Cherbourg,1
529,1,1st,male,35,0,0,512.329224,Cherbourg,1
530,0,1st,male,42,0,0,26.5499992,Southampton,1
531,1,1st,female,55,0,0,27.7208004,Cherbourg,1
532,1,1st,female,16,0,1,39.4000015,Southampton,0
533,1,1st,female,51,0,1,39.4000015,Southampton,0
534,1,1st,female,32,0,0,76.2917023,Cherbourg,1
535,0,1st,male,29,0,0,30,Southampton,1
536,1,1st,female,21,0,0,77.9582977,Southampton,1
537,0,1st,male,30,0,0,45.5,Southampton,1
538,1,1st,female,58,0,0,146.520798,Cherbourg,1
539,1,1st,female,15,0,1,211.337494,Southampton,0
540,0,1st,male,30,0,0,26,Southampton,1
541,1,1st,female,16,0,0,86.5,Southampton,1
542,0,1st,male,19,1,0,53.0999985,Southampton,0
543,1,1st,female,18,1,0,53.0999985,Southampton,0
544,1,1st,male,0.916700006,1,2,151.550003,Southampton,0
545,0,1st,male,36,0,0,75.2416992,Cherbourg,1
546,1,1st,female,24,0,0,49.5042,Cherbourg,1
547,0,1st,male,46,0,0,75.2416992,Cherbourg,1
548,0,1st,male,54,0,0,51.8624992,Southampton,1
549,1,1st,male,36,0,0,26.2875004,Southampton,1
550,0,1st,male,28,1,0,82.1707993,Cherbourg,0
551,0,1st,male,65,0,0,26.5499992,Southampton,1
552,0,1st,male,44,2,0,90,Queenstown,0
553,1,1st,female,33,1,0,90,Queenstown,0
554,1,1st,female,37,1,0,90,Queenstown,0
555,1,1st,male,37,1,1,52.5541992,Southampton,0
556,1,1st,male,30,1,0,57.75,Cherbourg,0
557,0,1st,male,55,0,0,30.5,Southampton,1
558,0,1st,male,47,0,0,42.4000015,Southampton,1
559,0,1st,male,37,0,1,29.7000008,Cherbourg,0
560,1,1st,female,31,1,0,113.275002,Cherbourg,0
561,1,1st,female,23,1,0,113.275002,Cherbourg,0
562,0,1st,male,58,0,2,113.275002,Cherbourg,0
563,1,1st,female,19,0,2,26.2833004,Southampton,0
564,0,1st,male,64,0,0,26,Southampton,1
565,1,1st,female,39,0,0,108.900002,Cherbourg,1
566,1,1st,female,47,1,1,52.5541992,Southampton,0
567,1,1st,female,22,0,1,61.9791985,Cherbourg,0
568,0,1st,male,65,0,1,61.9791985,Cherbourg,0
569,0,1st,male,28.5,0,0,27.7208004,Cherbourg,1
570,0,1st,male,45.5,0,0,28.5,Southampton,1
571,0,1st,male,23,0,0,93.5,Southampton,1
572,0,1st,male,29,1,0,66.5999985,Southampton,0
573,1,1st,female,22,1,0,66.5999985,Southampton,0
574,0,1st,male,18,1,0,108.900002,Cherbourg,0
575,1,1st,male,26,0,0,30,Cherbourg,1
576,1,1st,female,17,1,0,108.900002,Cherbourg,0
577,1,1st,female,30,0,0,93.5,Southampton,1
578,1,1st,male,52,0,0,30.5,Southampton,1
579,0,1st,male,47,0,0,52,Southampton,1
580,1,1st,female,56,0,1,83.1583023,Cherbourg,0
581,0,1st,male,38,0,0,0,Southampton,1
582,0,1st,male,22,0,0,135.633301,Cherbourg,1
583,1,1st,female,43,0,1,211.337494,Southampton,0
584,1,1st,female,42,0,0,227.524994,Cherbourg,1
585,0,1st,male,31,0,0,50.4958,Southampton,1
586,1,1st,male,45,0,0,26.5499992,Southampton,1
587,1,1st,female,33,0,0,27.7208004,Cherbourg,1
588,0,1st,male,46,0,0,79.1999969,Cherbourg,1
589,0,1st,male,36,0,0,40.125,Cherbourg,1
590,1,1st,female,33,0,0,86.5,Southampton,1
591,0,1st,male,55,1,0,59.4000015,Cherbourg,0
592,1,1st,female,54,1,0,59.4000015,Cherbourg,0
593,0,1st,male,33,0,0,26.5499992,Southampton,1
594,1,1st,female,29,0,0,221.779205,Southampton,1
595,1,1st,male,13,2,2,262.375,Cherbourg,0
596,1,1st,female,18,2,2,262.375,Cherbourg,0
597,1,1st,female,21,2,2,262.375,Cherbourg,0
598,0,1st,male,61,1,3,262.375,Cherbourg,0
599,1,1st,female,48,1,3,262.375,Cherbourg,0
600,1,1st,female,24,0,0,69.3000031,Cherbourg,1
601,1,1st,female,35,1,0,57.75,Cherbourg,0
602,1,1st,female,30,0,0,31,Cherbourg,1
603,0,1st,male,25,0,0,26,Cherbourg,1
604,1,1st,male,34,0,0,26.5499992,Southampton,1
605,1,1st,female,40,0,0,153.462494,Southampton,1
606,1,1st,male,35,0,0,26.2875004,Southampton,1
607,0,1st,male,50,1,0,55.9000015,Southampton,0
608,1,1st,female,39,1,0,55.9000015,Southampton,0
609,1,1st,male,56,0,0,35.5,Cherbourg,1
610,1,1st,male,28,0,0,35.5,Southampton,1
611,0,1st,male,56,0,0,26.5499992,Southampton,1
612,0,1st,male,56,0,0,30.6958008,Cherbourg,1
613,0,1st,male,24,1,0,60,Southampton,0
614,1,1st,male,25,1,0,91.0792007,Cherbourg,0
615,1,1st,female,18,1,0,60,Southampton,0
616,1,1st,male,24,1,0,82.2667007,Southampton,0
617,1,1st,female,23,1,0,82.2667007,Southampton,0
618,1,1st,male,6,0,2,134.5,Cherbourg,0
619,1,1st,male,45,1,1,134.5,Cherbourg,0
620,1,1st,female,40,1,1,134.5,Cherbourg,0
621,0,1st,male,57,1,0,146.520798,Cherbourg,0
622,1,1st,male,32,0,0,30.5,Cherbourg,1
623,1,1st,female,19,1,0,91.0792007,Cherbourg,0
624,0,1st,male,62,0,0,26.5499992,Southampton,1
625,1,1st,male,54,1,0,55.4417,Cherbourg,0
626,1,1st,female,43,1,0,55.4417,Cherbourg,0
627,1,1st,female,52,1,0,78.2667007,Cherbourg,0
628,1,1st,female,62,0,0,80,Southampton,1
629,0,1st,male,67,1,0,221.779205,Southampton,0
630,0,1st,female,63,1,0,221.779205,Southampton,0
631,0,1st,male,61,0,0,32.3208008,Southampton,1
632,1,1st,female,48,0,0,25.9291992,Southampton,1
633,1,1st,female,35,0,0,135.633301,Southampton,1
634,1,1st,female,18,0,2,79.6500015,Southampton,0
635,0,1st,male,52,1,1,79.6500015,Southampton,0
636,1,1st,female,39,1,1,79.6500015,Southampton,0
637,1,1st,male,48,1,0,52,Southampton,0
638,0,1st,male,49,1,1,110.883301,Cherbourg,0
639,1,1st,male,17,0,2,110.883301,Cherbourg,0
640,1,1st,female,39,1,1,110.883301,Cherbourg,0
641,1,1st,male,31,0,0,28.5375004,Cherbourg,1
642,0,1st,female,2,1,2,151.550003,Southampton,0
643,1,1st,male,28,0,0,26.5499992,Southampton,1
644,0,1st,male,40,0,0,27.7208004,Cherbourg,1
645,0,1st,male,61,0,0,33.5,Southampton,1
646,0,1st,male,47,0,0,34.0208015,Southampton,1
647,1,1st,female,35,0,0,512.329224,Cherbourg,1
648,0,1st,male,64,1,0,75.25,Cherbourg,0
649,1,1st,female,60,1,0,75.25,Cherbourg,0
650,0,1st,male,60,0,0,26.5499992,Southampton,1
651,0,1st,male,54,0,1,77.2874985,Southampton,0
652,0,1st,male,21,0,1,77.2874985,Southampton,0
653,1,1st,female,55,0,0,135.633301,Cherbourg,1
654,0,1st,male,45,0,0,35.5,Southampton,1
655,1,1st,female,31,0,2,164.866699,Southampton,0
656,0,1st,male,57,1,1,164.866699,Southampton,0
657,1,1st,female,45,1,1,164.866699,Southampton,0
658,0,1st,male,50,1,1,211.5,Cherbourg,0
659,0,1st,male,27,0,2,211.5,Cherbourg,0
660,1,1st,female,50,1,1,211.5,Cherbourg,0
661,1,1st,female,21,0,0,26.5499992,Southampton,1
662,0,1st,male,51,0,1,61.3792,Cherbourg,0
663,1,1st,male,21,0,1,61.3792,Cherbourg,0
664,1,1st,male,40,0,0,31,Cherbourg,1
665,1,1st,female,31,0,0,134.5,Cherbourg,1
666,0,1st,male,62,0,0,26.5499992,Southampton,1
667,1,1st,female,36,0,0,135.633301,Cherbourg,1
668,0,2nd,male,30,1,0,24,Cherbourg,0
669,1,2nd,female,28,1,0,24,Cherbourg,0
670,0,2nd,male,30,0,0,13,Southampton,1
671,0,2nd,male,18,0,0,11.5,Southampton,1
672,0,2nd,male,25,0,0,10.5,Southampton,1
673,0,2nd,male,34,1,0,26,Southampton,0
674,1,1st,female,30,0,0,164.866699,Southampton,1
675,1,2nd,female,36,1,0,26,Southampton,0
676,0,2nd,male,57,0,0,13,Southampton,1
677,0,2nd,male,18,0,0,11.5,Southampton,1
678,0,2nd,male,23,0,0,10.5,Southampton,1
679,1,2nd,female,36,0,0,13,Southampton,1
680,0,2nd,male,28,0,0,10.5,Southampton,1
681,0,2nd,male,51,0,0,12.5249996,Southampton,1
682,1,2nd,male,32,1,0,26,Southampton,0
683,1,2nd,female,19,1,0,26,Southampton,0
684,0,2nd,male,28,0,0,26,Southampton,1
685,1,1st,female,58,0,0,26.5499992,Southampton,1
686,1,2nd,male,1,2,1,39,Southampton,0
687,1,2nd,female,4,2,1,39,Southampton,0
688,1,2nd,female,12,2,1,39,Southampton,0
689,1,2nd,female,36,0,3,39,Southampton,0
690,1,2nd,male,34,0,0,13,Southampton,1
691,1,2nd,female,19,0,0,13,Southampton,1
692,0,2nd,male,23,0,0,13,Southampton,1
693,0,2nd,male,26,0,0,13,Southampton,1
694,0,2nd,male,42,0,0,13,Southampton,1
695,0,2nd,male,27,0,0,13,Southampton,1
696,0,1st,male,42,0,0,26.5499992,Southampton,1
697,1,2nd,female,24,0,0,13,Southampton,1
698,1,2nd,female,15,0,2,39,Southampton,0
699,0,2nd,male,60,1,1,39,Southampton,0
700,1,2nd,female,40,1,1,39,Southampton,0
701,1,2nd,female,20,1,0,26,Southampton,0
702,0,2nd,male,25,1,0,26,Southampton,0
703,1,2nd,female,36,0,0,13,Southampton,1
704,0,2nd,male,25,0,0,13,Southampton,1
705,0,2nd,male,42,0,0,13,Southampton,1
706,1,2nd,female,42,0,0,13,Southampton,1
707,1,1st,female,45,0,0,262.375,Cherbourg,1
708,1,2nd,male,0.833299994,0,2,29,Southampton,0
709,1,2nd,male,26,1,1,29,Southampton,0
710,1,2nd,female,22,1,1,29,Southampton,0
711,1,2nd,female,35,0,0,21,Southampton,1
712,0,2nd,male,19,0,0,13,Southampton,1
713,0,2nd,female,44,1,0,26,Southampton,0
714,0,2nd,male,54,1,0,26,Southampton,0
715,0,2nd,male,52,0,0,13.5,Southampton,1
716,0,2nd,male,37,1,0,26,Southampton,0
717,1,1st,female,22,0,1,55,Southampton,0
718,0,2nd,female,29,1,0,26,Southampton,0
719,1,2nd,female,25,1,1,30,Southampton,0
720,1,2nd,female,45,0,2,30,Southampton,0
721,0,2nd,male,29,1,0,26,Southampton,0
722,1,2nd,female,28,1,0,26,Southampton,0
723,0,2nd,male,29,0,0,10.5,Southampton,1
724,0,2nd,male,28,0,0,13,Southampton,1
725,1,2nd,male,24,0,0,10.5,Southampton,1
726,1,2nd,female,8,0,2,26.25,Southampton,0
727,0,2nd,male,31,1,1,26.25,Southampton,0
728,1,2nd,female,31,1,1,26.25,Southampton,0
729,1,2nd,female,22,0,0,10.5,Southampton,1
730,0,2nd,female,30,0,0,13,Southampton,1
731,0,2nd,male,21,0,0,11.5,Southampton,1
732,1,2nd,male,8,1,1,36.75,Southampton,0
733,0,2nd,male,18,0,0,73.5,Southampton,1
734,1,2nd,female,48,0,2,36.75,Southampton,0
735,1,2nd,female,28,0,0,13,Southampton,1
736,0,1st,male,41,0,0,30.5,Southampton,1
737,0,2nd,male,32,0,0,13,Southampton,1
738,0,2nd,male,17,0,0,73.5,Southampton,1
739,0,2nd,male,29,1,0,27.7208004,Cherbourg,0
740,1,2nd,female,24,1,0,27.7208004,Cherbourg,0
741,0,2nd,male,25,0,0,31.5,Southampton,1
742,0,2nd,male,18,0,0,73.5,Southampton,1
743,1,2nd,female,18,0,1,23,Southampton,0
744,1,2nd,female,34,0,1,23,Southampton,0
745,0,2nd,male,54,0,0,26,Southampton,1
746,1,2nd,male,8,0,2,32.5,Southampton,0
747,0,1st,male,30,1,2,151.550003,Southampton,0
748,0,1st,male,48,0,0,50.4958,Cherbourg,1
749,0,2nd,male,42,1,1,32.5,Southampton,0
750,1,2nd,female,34,1,1,32.5,Southampton,0
751,1,2nd,female,27,1,0,13.8583002,Cherbourg,0
752,1,2nd,female,30,1,0,13.8583002,Cherbourg,0
753,0,2nd,male,23,0,0,13,Southampton,1
754,0,2nd,male,21,0,0,13,Southampton,1
755,0,2nd,male,18,0,0,13,Southampton,1
756,0,2nd,male,40,1,0,26,Southampton,0
757,1,2nd,female,29,1,0,26,Southampton,0
758,0,2nd,male,18,0,0,10.5,Southampton,1
759,0,2nd,male,36,0,0,13,Southampton,1
760,0,2nd,female,38,0,0,13,Southampton,1
761,0,2nd,male,35,0,0,26,Southampton,1
762,0,2nd,male,38,1,0,21,Southampton,0
763,0,2nd,male,34,1,0,21,Southampton,0
764,1,2nd,female,34,0,0,13,Southampton,1
765,0,2nd,male,16,0,0,26,Southampton,1
766,0,2nd,male,26,0,0,10.5,Southampton,1
767,0,2nd,male,47,0,0,10.5,Southampton,1
768,1,1st,female,44,0,0,27.7208004,Cherbourg,1
769,0,2nd,male,21,1,0,11.5,Southampton,0
770,0,2nd,male,21,1,0,11.5,Southampton,0
771,0,2nd,male,24,0,0,13.5,Southampton,1
772,0,2nd,male,24,0,0,13,Southampton,1
773,0,2nd,male,34,0,0,13,Southampton,1
774,0,2nd,male,30,0,0,13,Southampton,1
775,0,2nd,male,52,0,0,13,Southampton,1
776,0,2nd,male,30,0,0,13,Southampton,1
777,1,2nd,male,0.666700006,1,1,14.5,Southampton,0
778,1,2nd,female,24,0,2,14.5,Southampton,0
779,1,1st,female,59,2,0,51.4791985,Southampton,0
780,0,2nd,male,44,0,0,13,Southampton,1
781,1,2nd,female,6,0,1,33,Southampton,0
782,0,2nd,male,28,0,1,33,Southampton,0
783,1,2nd,male,62,0,0,10.5,Southampton,1
784,0,2nd,male,30,0,0,10.5,Southampton,1
785,1,2nd,female,7,0,2,26.25,Southampton,0
786,0,2nd,male,43,1,1,26.25,Southampton,0
787,1,2nd,female,45,1,1,26.25,Southampton,0
788,1,2nd,female,24,1,2,65,Southampton,0
789,1,2nd,female,24,1,2,65,Southampton,0
790,1,1st,female,60,0,0,76.2917023,Cherbourg,1
791,0,2nd,male,49,1,2,65,Southampton,0
792,1,2nd,female,48,1,2,65,Southampton,0
793,1,2nd,female,55,0,0,16,Southampton,1
794,0,2nd,male,24,2,0,73.5,Southampton,0
795,0,2nd,male,32,2,0,73.5,Southampton,0
796,0,2nd,male,21,2,0,73.5,Southampton,0
797,0,2nd,female,18,1,1,13,Southampton,0
798,1,2nd,female,20,2,1,23,Southampton,0
799,0,2nd,male,23,2,1,11.5,Southampton,0
800,0,2nd,male,36,0,0,13,Southampton,1
801,1,1st,female,41,0,0,134.5,Cherbourg,1
802,1,2nd,female,54,1,3,23,Southampton,0
803,0,2nd,male,50,0,0,13,Southampton,1
804,0,2nd,male,44,1,0,26,Southampton,0
805,1,2nd,female,29,1,0,26,Southampton,0
806,0,2nd,male,21,0,0,73.5,Southampton,1
807,1,2nd,male,42,0,0,13,Southampton,1
808,0,2nd,male,63,1,0,26,Southampton,0
809,0,2nd,female,60,1,0,26,Southampton,0
810,0,2nd,male,33,0,0,12.2749996,Southampton,1
811,1,2nd,female,17,0,0,10.5,Southampton,1
812,0,1st,male,45,0,0,26.5499992,Southampton,1
813,0,2nd,male,42,1,0,27,Southampton,0
814,1,2nd,female,24,2,1,27,Southampton,0
815,0,2nd,male,47,0,0,15,Southampton,1
816,0,2nd,male,24,2,0,31.5,Southampton,0
817,0,2nd,male,22,2,0,31.5,Southampton,0
818,0,2nd,male,32,0,0,10.5,Southampton,1
819,1,2nd,female,23,0,0,13.7917004,Cherbourg,1
820,0,2nd,male,34,1,0,26,Southampton,0
821,1,2nd,female,24,1,0,26,Southampton,0
822,0,2nd,female,22,0,0,21,Southampton,1
823,0,2nd,male,35,0,0,12.3500004,Queenstown,1
824,1,2nd,female,45,0,0,13.5,Southampton,1
825,0,2nd,male,57,0,0,12.3500004,Queenstown,1
826,0,2nd,male,31,0,0,10.5,Southampton,1
827,0,2nd,female,26,1,1,26,Southampton,0
828,0,2nd,male,30,1,1,26,Southampton,0
829,1,2nd,female,1,1,2,41.5792007,Cherbourg,0
830,1,1st,male,42,0,0,26.2875004,Southampton,1
831,1,2nd,female,3,1,2,41.5792007,Cherbourg,0
832,0,2nd,male,25,1,2,41.5792007,Cherbourg,0
833,1,2nd,female,22,1,2,41.5792007,Cherbourg,0
834,1,2nd,female,17,0,0,12,Cherbourg,1
835,1,2nd,female,34,0,0,10.5,Southampton,1
836,0,2nd,male,36,0,0,12.875,Cherbourg,1
837,0,2nd,male,24,0,0,10.5,Southampton,1
838,0,2nd,male,61,0,0,12.3500004,Queenstown,1
839,0,2nd,male,50,1,0,26,Southampton,0
840,1,1st,female,53,0,0,27.4458008,Cherbourg,1
841,1,2nd,female,42,1,0,26,Southampton,0
842,0,2nd,female,57,0,0,10.5,Southampton,1
843,1,2nd,male,1,0,2,37.0042,Cherbourg,0
844,0,2nd,male,31,1,1,37.0042,Cherbourg,0
845,1,2nd,female,24,1,1,37.0042,Cherbourg,0
846,0,2nd,male,30,0,0,13,Southampton,1
847,0,2nd,male,40,0,0,16,Southampton,1
848,0,2nd,male,32,0,0,13.5,Southampton,1
849,0,1st,female,25,1,2,151.550003,Southampton,0
850,1,1st,male,36,0,1,512.329224,Cherbourg,0
851,0,2nd,male,30,0,0,13,Southampton,1
852,0,2nd,male,46,0,0,26,Southampton,1
853,1,2nd,female,13,0,1,19.5,Southampton,0
854,1,2nd,female,41,0,1,19.5,Southampton,0
855,1,2nd,male,19,0,0,10.5,Southampton,1
856,0,2nd,male,39,0,0,13,Southampton,1
857,0,2nd,male,48,0,0,13,Southampton,1
858,0,2nd,male,70,0,0,10.5,Southampton,1
859,0,2nd,male,27,0,0,13,Southampton,1
860,0,2nd,male,54,0,0,14,Southampton,1
861,1,1st,female,58,0,1,512.329224,Cherbourg,0
862,0,2nd,male,39,0,0,26,Southampton,1
863,0,2nd,male,16,0,0,10.5,Southampton,1
864,0,2nd,male,62,0,0,9.6875,Queenstown,1
865,0,2nd,male,32.5,1,0,30.0708008,Cherbourg,0
866,1,2nd,female,14,1,0,30.0708008,Cherbourg,0
867,1,2nd,male,2,1,1,26,Southampton,0
868,1,2nd,male,3,1,1,26,Southampton,0
869,0,2nd,male,36.5,0,2,26,Southampton,0
870,0,2nd,male,26,0,0,13,Southampton,1
871,0,2nd,male,19,1,1,36.75,Southampton,0
872,0,1st,male,33,0,0,5,Southampton,1
873,0,2nd,male,28,0,0,13.5,Southampton,1
874,1,2nd,male,20,0,0,13.8625002,Cherbourg,1
875,1,2nd,female,29,0,0,10.5,Southampton,1
876,0,2nd,male,39,0,0,13,Southampton,1
877,1,2nd,male,22,0,0,10.5,Southampton,1
878,0,2nd,male,23,0,0,10.5,Southampton,1
879,1,2nd,male,29,0,0,13.8583002,Cherbourg,1
880,0,2nd,male,28,0,0,10.5,Southampton,1
881,0,1st,male,28,0,0,47.0999985,Southampton,1
882,1,2nd,female,50,0,1,26,Southampton,0
883,0,2nd,male,19,0,0,10.5,Southampton,1
884,0,2nd,male,41,0,0,13,Southampton,1
885,1,2nd,female,21,0,1,21,Southampton,0
886,1,2nd,female,19,0,0,26,Southampton,1
887,0,2nd,male,43,0,1,21,Southampton,0
888,1,2nd,female,32,0,0,13,Southampton,1
889,0,2nd,male,34,0,0,13,Southampton,1
890,1,2nd,male,30,0,0,12.7375002,Cherbourg,1
891,0,1st,male,17,0,0,47.0999985,Southampton,1
892,0,2nd,male,27,0,0,15.0333004,Cherbourg,1
893,1,2nd,female,2,1,1,26,Southampton,0
894,1,2nd,female,8,1,1,26,Southampton,0
895,1,2nd,female,33,0,2,26,Southampton,0
896,0,2nd,male,36,0,0,10.5,Southampton,1
897,0,2nd,male,34,1,0,21,Southampton,0
898,1,2nd,female,30,3,0,21,Southampton,0
899,1,2nd,female,28,0,0,13,Southampton,1
900,0,2nd,male,23,0,0,15.0458002,Cherbourg,1
901,1,2nd,male,0.833299994,1,1,18.75,Southampton,0
902,1,1st,male,11,1,2,120,Southampton,0
903,1,2nd,male,3,1,1,18.75,Southampton,0
904,1,2nd,female,24,2,3,18.75,Southampton,0
905,1,2nd,female,50,0,0,10.5,Southampton,1
906,0,2nd,male,19,0,0,10.5,Southampton,1
907,1,2nd,female,21,0,0,10.5,Southampton,1
908,0,2nd,male,26,0,0,13,Southampton,1
909,0,2nd,male,25,0,0,13,Southampton,1
910,0,2nd,male,27,0,0,26,Southampton,1
911,1,2nd,female,25,0,1,26,Southampton,0
912,1,2nd,female,18,0,2,13,Southampton,0
913,1,1st,female,14,1,2,120,Southampton,0
914,1,2nd,female,20,0,0,36.75,Southampton,1
915,1,2nd,female,30,0,0,13,Southampton,1
916,0,2nd,male,59,0,0,13.5,Southampton,1
917,1,2nd,female,30,0,0,12.3500004,Queenstown,1
918,0,2nd,male,35,0,0,10.5,Southampton,1
919,1,2nd,female,40,0,0,13,Southampton,1
920,0,2nd,male,25,0,0,13,Southampton,1
921,0,2nd,male,41,0,0,15.0458002,Cherbourg,1
922,0,2nd,male,25,0,0,10.5,Southampton,1
923,0,2nd,male,18.5,0,0,13,Southampton,1
924,1,1st,male,36,1,2,120,Southampton,0
925,0,2nd,male,14,0,0,65,Southampton,1
926,1,2nd,female,50,0,0,10.5,Southampton,1
927,0,2nd,male,23,0,0,13,Southampton,1
928,1,2nd,female,28,0,0,12.6499996,Southampton,1
929,1,2nd,female,27,0,0,10.5,Southampton,1
930,0,2nd,male,29,1,0,21,Southampton,0
931,0,2nd,female,27,1,0,21,Southampton,0
932,0,2nd,male,40,0,0,13,Southampton,1
933,1,2nd,female,31,0,0,21,Southampton,1
934,0,2nd,male,30,1,0,21,Southampton,0
935,1,1st,female,36,1,2,120,Southampton,0
936,0,2nd,male,23,1,0,10.5,Southampton,0
937,1,2nd,female,31,0,0,21,Southampton,1
938,1,2nd,female,12,0,0,15.75,Southampton,1
939,1,2nd,female,40,0,0,15.75,Southampton,1
940,1,2nd,female,32.5,0,0,13,Southampton,1
941,0,2nd,male,27,1,0,26,Southampton,0
942,1,2nd,female,29,1,0,26,Southampton,0
943,1,2nd,male,2,1,1,23,Southampton,0
944,1,2nd,female,4,1,1,23,Southampton,0
945,0,1st,male,49,0,0,26,Southampton,1
946,1,2nd,female,29,0,2,23,Southampton,0
947,1,2nd,female,0.916700006,1,2,27.75,Southampton,0
948,1,2nd,female,5,1,2,27.75,Southampton,0
949,0,2nd,male,36,1,2,27.75,Southampton,0
950,1,2nd,female,33,1,2,27.75,Southampton,0
951,0,2nd,male,66,0,0,10.5,Southampton,1
952,1,2nd,male,31,0,0,13,Southampton,1
953,1,2nd,female,26,0,0,13.5,Southampton,1
954,1,1st,male,48,0,0,26.5499992,Southampton,1
955,0,2nd,female,24,0,0,13,Southampton,1
956,0,3rd,male,42,0,0,7.55000019,Southampton,1
957,0,3rd,male,13,0,2,20.25,Southampton,0
958,0,3rd,male,16,1,1,20.25,Southampton,0
959,1,3rd,female,35,1,1,20.25,Southampton,0
960,1,3rd,female,16,0,0,7.6500001,Southampton,1
961,1,3rd,male,25,0,0,7.6500001,Southampton,1
962,1,3rd,male,20,0,0,7.92500019,Southampton,1
963,1,3rd,female,18,0,0,7.22919989,Cherbourg,1
964,0,3rd,male,30,0,0,7.25,Southampton,1
965,0,1st,male,36,1,0,78.8499985,Southampton,0
966,0,3rd,male,26,0,0,8.05000019,Southampton,1
967,0,3rd,female,40,1,0,9.47500038,Southampton,0
968,1,3rd,male,0.833299994,0,1,9.35000038,Southampton,0
969,1,3rd,female,18,0,1,9.35000038,Southampton,0
970,1,3rd,male,26,0,0,18.7875004,Cherbourg,1
971,0,3rd,male,26,0,0,7.88749981,Southampton,1
972,0,3rd,male,20,0,0,7.92500019,Southampton,1
973,0,3rd,male,24,0,0,7.05000019,Southampton,1
974,0,3rd,male,25,0,0,7.05000019,Southampton,1
975,0,3rd,male,35,0,0,8.05000019,Southampton,1
976,1,1st,female,76,1,0,78.8499985,Southampton,0
977,0,3rd,male,18,0,0,8.30000019,Southampton,1
978,0,3rd,male,32,0,0,22.5249996,Southampton,1
979,1,3rd,female,19,1,0,7.85419989,Southampton,0
980,0,3rd,male,4,4,2,31.2749996,Southampton,0
981,0,3rd,female,6,4,2,31.2749996,Southampton,0
982,0,3rd,female,2,4,2,31.2749996,Southampton,0
983,1,3rd,female,17,4,2,7.92500019,Southampton,0
984,0,3rd,female,38,4,2,7.7750001,Southampton,0
985,0,3rd,female,9,4,2,31.2749996,Southampton,0
986,0,3rd,female,11,4,2,31.2749996,Southampton,0
987,0,1st,male,46,1,0,61.1749992,Southampton,0
988,0,3rd,male,39,1,5,31.2749996,Southampton,0
989,1,3rd,male,27,0,0,7.79580021,Southampton,1
990,0,3rd,male,26,0,0,7.7750001,Southampton,1
991,0,3rd,female,39,1,5,31.2749996,Southampton,0
992,0,3rd,male,20,0,0,7.85419989,Southampton,1
993,0,3rd,male,26,0,0,7.89580011,Southampton,1
994,0,3rd,male,25,1,0,17.7999992,Southampton,0
995,0,3rd,female,18,1,0,17.7999992,Southampton,0
996,0,3rd,male,24,0,0,7.7750001,Southampton,1
997,0,3rd,male,35,0,0,7.05000019,Southampton,1
998,1,1st,female,47,1,0,61.1749992,Southampton,0
999,0,3rd,male,5,4,2,31.3875008,Southampton,0
1000,0,3rd,male,9,4,2,31.3875008,Southampton,0
1001,1,3rd,male,3,4,2,31.3875008,Southampton,0
1002,0,3rd,male,13,4,2,31.3875008,Southampton,0
1003,1,3rd,female,5,4,2,31.3875008,Southampton,0
1004,0,3rd,male,40,1,5,31.3875008,Southampton,0
1005,1,3rd,male,23,0,0,7.79580021,Southampton,1
1006,1,3rd,female,38,1,5,31.3875008,Southampton,0
1007,1,3rd,female,45,0,0,7.2249999,Cherbourg,1
1008,0,3rd,male,21,0,0,7.2249999,Cherbourg,1
1009,1,1st,male,27,1,0,53.0999985,Southampton,0
1010,0,3rd,male,23,0,0,7.05000019,Southampton,1
1011,0,3rd,female,17,0,0,14.4582996,Cherbourg,1
1012,0,3rd,male,30,0,0,7.2249999,Cherbourg,1
1013,0,3rd,male,23,0,0,7.85419989,Southampton,1
1014,1,3rd,female,13,0,0,7.22919989,Cherbourg,1
1015,0,3rd,male,20,0,0,7.2249999,Cherbourg,1
1016,0,3rd,male,32,1,0,15.8500004,Southampton,0
1017,1,3rd,female,33,3,0,15.8500004,Southampton,0
1018,1,3rd,female,0.75,2,1,19.2583008,Cherbourg,0
1019,1,3rd,female,0.75,2,1,19.2583008,Cherbourg,0
1020,1,1st,female,33,1,0,53.0999985,Southampton,0
1021,1,3rd,female,5,2,1,19.2583008,Cherbourg,0
1022,1,3rd,female,24,0,3,19.2583008,Cherbourg,0
1023,1,3rd,female,18,0,0,8.05000019,Southampton,1
1024,0,3rd,male,40,0,0,7.2249999,Cherbourg,1
1025,0,3rd,male,26,0,0,7.89580011,Southampton,1
1026,1,3rd,male,20,0,0,7.22919989,Cherbourg,1
1027,0,3rd,female,18,0,1,14.4541998,Cherbourg,0
1028,0,3rd,female,45,0,1,14.4541998,Cherbourg,0
1029,0,3rd,female,27,0,0,7.87919998,Queenstown,1
1030,0,3rd,male,22,0,0,8.05000019,Southampton,1
1031,1,1st,female,36,0,0,262.375,Cherbourg,1
1032,0,3rd,male,19,0,0,8.05000019,Southampton,1
1033,0,3rd,male,26,0,0,7.7750001,Southampton,1
1034,0,3rd,male,22,0,0,9.35000038,Southampton,1
1035,0,3rd,male,20,0,0,4.01249981,Cherbourg,1
1036,1,3rd,male,32,0,0,56.4958,Southampton,1
1037,0,3rd,male,21,0,0,7.7750001,Southampton,1
1038,0,3rd,male,18,0,0,7.75,Southampton,1
1039,0,3rd,male,26,0,0,7.89580011,Southampton,1
1040,0,3rd,male,6,1,1,15.2458,Cherbourg,0
1041,1,1st,female,30,0,0,86.5,Southampton,1
1042,0,3rd,female,9,1,1,15.2458,Cherbourg,0
1043,0,3rd,male,40,1,1,15.5,Queenstown,0
1044,0,3rd,female,32,1,1,15.5,Queenstown,0
1045,0,3rd,male,21,0,0,16.1000004,Southampton,1
1046,1,3rd,female,22,0,0,7.7249999,Queenstown,1
1047,0,3rd,female,20,0,0,7.85419989,Southampton,1
1048,0,3rd,male,29,1,0,7.04580021,Southampton,0
1049,1,1st,male,45,0,0,29.7000008,Cherbourg,1
1050,0,3rd,male,22,1,0,7.25,Southampton,0
1051,0,3rd,male,22,0,0,7.79580021,Southampton,1
1052,0,3rd,male,35,0,0,8.05000019,Southampton,1
1053,0,3rd,female,18.5,0,0,7.28329992,Queenstown,1
1054,1,3rd,male,21,0,0,7.82079983,Queenstown,1
1055,0,3rd,male,19,0,0,6.75,Queenstown,1
1056,0,3rd,female,18,0,0,7.87919998,Queenstown,1
1057,0,3rd,female,21,0,0,8.66250038,Southampton,1
1058,0,3rd,female,30,0,0,8.66250038,Southampton,1
1059,0,3rd,male,18,0,0,8.66250038,Southampton,1
1060,1,1st,female,63,1,0,77.9582977,Southampton,0
1061,0,3rd,male,38,0,0,8.66250038,Southampton,1
1062,0,3rd,male,17,0,0,8.66250038,Southampton,1
1063,0,3rd,male,17,0,0,8.66250038,Southampton,1
1064,0,3rd,female,21,0,0,7.75,Queenstown,1
1065,0,3rd,male,21,0,0,7.75,Queenstown,1
1066,0,3rd,male,21,0,0,8.05000019,Southampton,1
1067,0,3rd,male,28,0,0,7.79580021,Southampton,1
1068,0,3rd,male,24,0,0,7.85419989,Southampton,1
1069,1,3rd,female,16,0,0,7.75,Queenstown,1
1070,0,3rd,female,37,0,0,7.75,Queenstown,1
1071,0,3rd,male,28,0,0,7.25,Southampton,1
1072,0,3rd,male,24,0,0,8.05000019,Southampton,1
1073,0,3rd,male,21,0,0,7.73330021,Queenstown,1
1074,1,3rd,male,32,0,0,56.4958,Southampton,1
1075,0,3rd,male,29,0,0,8.05000019,Southampton,1
1076,0,3rd,male,26,1,0,14.4541998,Cherbourg,0
1077,0,3rd,male,18,1,0,14.4541998,Cherbourg,0
1078,0,3rd,male,20,0,0,7.05000019,Southampton,1
1079,0,1st,male,27,1,0,136.779205,Cherbourg,0
1080,1,3rd,male,18,0,0,8.05000019,Southampton,1
1081,0,3rd,male,24,0,0,7.25,Queenstown,1
1082,0,3rd,male,36,0,0,7.49580002,Southampton,1
1083,0,3rd,male,24,0,0,7.49580002,Southampton,1
1084,0,3rd,male,31,0,0,7.73330021,Queenstown,1
1085,0,3rd,male,31,0,0,7.75,Queenstown,1
1086,1,3rd,female,22,0,0,7.75,Queenstown,1
1087,0,3rd,female,30,0,0,7.62919998,Queenstown,1
1088,0,3rd,male,70.5,0,0,7.75,Queenstown,1
1089,0,3rd,male,43,0,0,8.05000019,Southampton,1
1090,1,1st,female,26,1,0,136.779205,Cherbourg,0
1091,0,3rd,male,35,0,0,7.89580011,Southampton,1
1092,0,3rd,male,27,0,0,7.89580011,Southampton,1
1093,0,3rd,male,19,0,0,7.89580011,Southampton,1
1094,0,3rd,male,30,0,0,8.05000019,Southampton,1
1095,1,3rd,male,9,1,1,15.8999996,Southampton,0
1096,1,3rd,male,3,1,1,15.8999996,Southampton,0
1097,1,3rd,female,36,0,2,15.8999996,Southampton,0
1098,0,3rd,male,59,0,0,7.25,Southampton,1
1099,0,3rd,male,19,0,0,8.1583004,Southampton,1
1100,1,3rd,female,17,0,1,16.1000004,Southampton,0
1101,1,1st,female,22,0,0,151.550003,Southampton,1
1102,0,3rd,male,44,0,1,16.1000004,Southampton,0
1103,0,3rd,male,17,0,0,8.66250038,Southampton,1
1104,0,3rd,male,22.5,0,0,7.2249999,Cherbourg,1
1105,1,3rd,male,45,0,0,8.05000019,Southampton,1
1106,0,3rd,female,22,0,0,10.5166998,Southampton,1
1107,0,3rd,male,19,0,0,10.1708002,Southampton,1
1108,1,3rd,female,30,0,0,6.94999981,Queenstown,1
1109,1,3rd,male,29,0,0,7.75,Queenstown,1
1110,0,3rd,male,0.333299994,0,2,14.3999996,Southampton,0
1111,0,3rd,male,34,1,1,14.3999996,Southampton,0
1112,0,3rd,female,28,1,1,14.3999996,Southampton,0
1113,0,3rd,male,27,0,0,7.89580011,Southampton,1
1114,0,3rd,male,25,0,0,7.89580011,Southampton,1
1115,0,3rd,male,24,2,0,24.1499996,Southampton,0
1116,0,3rd,male,22,0,0,8.05000019,Southampton,1
1117,0,3rd,male,21,2,0,24.1499996,Southampton,0
1118,0,3rd,male,17,2,0,8.05000019,Southampton,0
1119,1,3rd,male,36.5,1,0,17.3999996,Southampton,0
1120,0,1st,male,47,0,0,25.5874996,Southampton,1
1121,1,3rd,female,36,1,0,17.3999996,Southampton,0
1122,1,3rd,male,30,0,0,9.5,Southampton,1
1123,0,3rd,male,16,0,0,9.5,Southampton,1
1124,1,3rd,male,1,1,2,20.5750008,Southampton,0
1125,1,3rd,female,0.166700006,1,2,20.5750008,Southampton,0
1126,0,3rd,male,26,1,2,20.5750008,Southampton,0
1127,1,3rd,female,33,1,2,20.5750008,Southampton,0
1128,0,3rd,male,25,0,0,7.89580011,Southampton,1
1129,1,1st,female,39,1,1,83.1583023,Cherbourg,0
1130,0,3rd,male,22,0,0,7.25,Southampton,1
1131,0,3rd,male,36,0,0,7.25,Southampton,1
1132,1,3rd,female,19,0,0,7.87919998,Queenstown,1
1133,0,3rd,male,17,0,0,7.89580011,Southampton,1
1134,0,3rd,male,42,0,0,8.66250038,Southampton,1
1135,0,3rd,male,43,0,0,7.89580011,Southampton,1
1136,0,3rd,male,32,0,0,7.75,Queenstown,1
1137,1,3rd,male,19,0,0,8.05000019,Southampton,1
1138,1,3rd,female,30,0,0,12.4750004,Southampton,1
1139,0,1st,male,37,1,1,83.1583023,Cherbourg,0
1140,0,3rd,female,24,0,0,7.75,Queenstown,1
1141,1,3rd,female,23,0,0,8.05000019,Southampton,1
1142,0,3rd,male,33,0,0,7.89580011,Cherbourg,1
1143,0,3rd,male,65,0,0,7.75,Queenstown,1
1144,1,3rd,male,24,0,0,7.55000019,Southampton,1
1145,0,3rd,male,23,1,0,13.8999996,Southampton,0
1146,1,3rd,female,22,1,0,13.8999996,Southampton,0
1147,0,3rd,male,18,0,0,7.7750001,Southampton,1
1148,0,3rd,male,16,0,0,7.7750001,Southampton,1
1149,0,3rd,male,45,0,0,6.9749999,Southampton,1
1150,1,1st,female,64,0,2,83.1583023,Cherbourg,0
1151,0,3rd,male,39,0,2,7.22919989,Cherbourg,0
1152,0,3rd,male,17,1,1,7.22919989,Cherbourg,0
1153,0,3rd,male,15,1,1,7.22919989,Cherbourg,0
1154,0,3rd,male,47,0,0,7.25,Southampton,1
1155,1,3rd,female,5,0,0,12.4750004,Southampton,1
1156,0,3rd,male,40.5,0,0,15.1000004,Southampton,1
1157,0,3rd,male,40.5,0,0,7.75,Queenstown,1
1158,0,1st,male,39,0,0,0,Southampton,1
1159,1,1st,female,55,2,0,25.7000008,Southampton,0
1160,0,3rd,male,18,0,0,7.79580021,Southampton,1
1161,0,3rd,male,26,0,0,7.87919998,Queenstown,1
1162,0,3rd,female,21,2,2,34.375,Southampton,0
1163,0,3rd,female,9,2,2,34.375,Southampton,0
1164,0,3rd,male,18,2,2,34.375,Southampton,0
1165,0,3rd,male,16,1,3,34.375,Southampton,0
1166,0,3rd,female,48,1,3,34.375,Southampton,0
1167,0,3rd,male,25,0,0,7.74170017,Queenstown,1
1168,0,3rd,male,22,0,0,8.05000019,Southampton,1
1169,1,3rd,female,16,0,0,7.73330021,Queenstown,1
1170,0,1st,male,70,1,1,71,Southampton,0
1171,1,3rd,male,9,0,2,20.5249996,Southampton,0
1172,0,3rd,male,33,1,1,20.5249996,Southampton,0
1173,0,3rd,male,41,0,0,7.8499999,Southampton,1
1174,1,3rd,female,31,1,1,20.5249996,Southampton,0
1175,0,3rd,male,38,0,0,7.05000019,Southampton,1
1176,0,3rd,male,9,5,2,46.9000015,Southampton,0
1177,0,3rd,male,1,5,2,46.9000015,Southampton,0
1178,0,3rd,male,11,5,2,46.9000015,Southampton,0
1179,0,3rd,female,10,5,2,46.9000015,Southampton,0
1180,1,1st,female,36,0,2,71,Southampton,0
1181,0,3rd,female,16,5,2,46.9000015,Southampton,0
1182,0,3rd,male,14,5,2,46.9000015,Southampton,0
1183,0,3rd,male,40,1,6,46.9000015,Southampton,0
1184,0,3rd,female,43,1,6,46.9000015,Southampton,0
1185,0,3rd,male,51,0,0,8.05000019,Southampton,1
1186,0,3rd,male,32,0,0,8.36250019,Southampton,1
1187,0,3rd,male,20,0,0,9.8458004,Southampton,1
1188,0,3rd,male,37,2,0,7.92500019,Southampton,0
1189,0,3rd,male,28,2,0,7.92500019,Southampton,0
1190,1,1st,female,64,1,1,26.5499992,Southampton,0
1191,0,3rd,male,19,0,0,7.7750001,Southampton,1
1192,0,3rd,female,24,0,0,8.85000038,Southampton,1
1193,0,3rd,female,17,0,0,7.73330021,Queenstown,1
1194,0,3rd,male,28,1,0,15.8500004,Southampton,0
1195,1,3rd,female,24,1,0,15.8500004,Southampton,0
1196,0,3rd,male,20,0,0,9.5,Southampton,1
1197,0,3rd,male,23.5,0,0,7.22919989,Cherbourg,1
1198,0,3rd,male,41,2,0,14.1083002,Southampton,0
1199,0,1st,male,39,1,0,71.2833023,Cherbourg,0
1200,0,3rd,male,26,1,0,7.85419989,Southampton,0
1201,0,3rd,male,21,0,0,7.85419989,Southampton,1
1202,1,3rd,female,45,1,0,14.1083002,Southampton,0
1203,0,3rd,male,25,0,0,7.25,Southampton,1
1204,0,3rd,male,11,0,0,18.7875004,Cherbourg,1
1205,1,3rd,male,27,0,0,6.9749999,Southampton,1
1206,1,1st,female,38,1,0,71.2833023,Cherbourg,0
1207,0,3rd,female,18,0,0,6.75,Queenstown,1
1208,1,3rd,female,26,0,0,7.92500019,Southampton,1
1209,0,3rd,female,23,0,0,7.92500019,Southampton,1
1210,1,3rd,female,22,0,0,8.96249962,Southampton,1
1211,0,3rd,male,28,0,0,7.89580011,Southampton,1
1212,0,3rd,female,28,0,0,7.7750001,Southampton,1
1213,1,3rd,female,2,0,1,12.2875004,Southampton,0
1214,1,3rd,female,22,1,1,12.2875004,Southampton,0
1215,0,3rd,male,43,0,0,6.44999981,Southampton,1
1216,1,1st,male,51,0,0,26.5499992,Southampton,1
1217,0,3rd,male,28,0,0,22.5249996,Southampton,1
1218,1,3rd,female,27,0,0,7.92500019,Southampton,1
1219,0,3rd,male,42,0,0,7.6500001,Southampton,1
1220,0,3rd,male,30,0,0,7.22919989,Cherbourg,1
1221,0,3rd,female,27,1,0,7.92500019,Southampton,0
1222,0,3rd,female,25,1,0,7.92500019,Southampton,0
1223,1,1st,male,27,0,0,30.5,Southampton,1
1224,1,3rd,male,29,0,0,7.89580011,Cherbourg,1
1225,1,3rd,male,21,0,0,7.79580021,Southampton,1
1226,0,3rd,male,20,0,0,7.85419989,Southampton,1
1227,0,3rd,male,48,0,0,7.85419989,Southampton,1
1228,0,3rd,male,17,1,0,7.05420017,Southampton,0
1229,0,3rd,male,34,0,0,6.49580002,Southampton,1
1230,1,1st,female,33,0,0,151.550003,Southampton,1
1231,1,3rd,male,26,0,0,7.7750001,Southampton,1
1232,0,3rd,male,22,0,0,7.79580021,Southampton,1
1233,0,3rd,male,33,0,0,8.6541996,Southampton,1
1234,0,3rd,male,31,0,0,7.7750001,Southampton,1
1235,0,3rd,male,29,0,0,7.85419989,Southampton,1
1236,1,3rd,male,4,1,1,11.1332998,Southampton,0
1237,1,3rd,female,1,1,1,11.1332998,Southampton,0
1238,0,3rd,male,49,0,0,0,Southampton,1
1239,0,3rd,male,33,0,0,7.7750001,Southampton,1
1240,0,3rd,male,19,0,0,0,Southampton,1
1241,1,1st,female,53,2,0,51.4791985,Southampton,0
1242,0,1st,male,31,1,0,52,Southampton,0
1243,1,3rd,female,27,0,2,11.1332998,Southampton,0
1244,0,3rd,male,23,0,0,7.89580011,Southampton,1
1245,1,3rd,male,32,0,0,7.85419989,Southampton,1
1246,0,3rd,male,27,0,0,7.85419989,Southampton,1
1247,0,3rd,female,20,1,0,9.82499981,Southampton,0
1248,0,3rd,female,21,1,0,9.82499981,Southampton,0
1249,1,1st,female,27,1,2,52,Southampton,0
1250,1,3rd,male,32,0,0,7.92500019,Southampton,1
1251,0,3rd,male,17,0,0,7.125,Southampton,1
1252,0,3rd,male,21,0,0,8.43330002,Southampton,1
1253,0,3rd,male,30,0,0,7.89580011,Southampton,1
1254,1,3rd,male,21,0,0,7.79580021,Southampton,1
1255,0,3rd,male,33,0,0,7.85419989,Southampton,1
1256,0,3rd,male,22,0,0,7.52080011,Southampton,1
1257,1,3rd,female,4,0,1,13.4167004,Cherbourg,0
1258,1,3rd,male,39,0,1,13.4167004,Cherbourg,0
1259,1,1st,male,31,1,0,57,Southampton,0
1260,0,3rd,male,18.5,0,0,7.22919989,Cherbourg,1
1261,0,3rd,male,34.5,0,0,7.82919979,Queenstown,1
1262,0,3rd,male,44,0,0,8.05000019,Southampton,1
1263,1,1st,female,17,1,0,57,Southampton,0
1264,0,3rd,female,22,2,0,8.66250038,Southampton,0
1265,0,3rd,male,26,2,0,8.66250038,Southampton,0
1266,1,3rd,female,4,0,2,22.0249996,Southampton,0
1267,1,3rd,male,29,3,1,22.0249996,Southampton,0
1268,1,3rd,female,26,1,1,22.0249996,Southampton,0
1269,0,3rd,female,1,1,1,12.1833,Southampton,0
1270,0,3rd,male,18,1,1,7.85419989,Southampton,0
1271,1,1st,male,53,1,1,81.8582993,Southampton,0
1272,0,3rd,female,36,0,2,12.1833,Southampton,0
1273,1,3rd,male,25,0,0,7.22919989,Cherbourg,1
1274,0,3rd,female,37,0,0,9.58749962,Southampton,1
1275,1,3rd,female,22,0,0,7.25,Southampton,1
1276,1,1st,male,4,0,2,81.8582993,Southampton,0
1277,1,3rd,male,26,0,0,56.4958,Southampton,1
1278,0,3rd,male,29,0,0,9.48330021,Southampton,1
1279,0,3rd,male,29,0,0,7.7750001,Southampton,1
1280,0,3rd,male,22,0,0,7.7750001,Southampton,1
1281,1,3rd,male,22,0,0,7.2249999,Cherbourg,1
1282,1,1st,female,54,1,1,81.8582993,Southampton,0
1283,0,3rd,male,32,0,0,7.92500019,Southampton,1
1284,0,3rd,male,34.5,0,0,6.4375,Cherbourg,1
1285,0,3rd,male,36,0,0,0,Southampton,1
1286,0,3rd,male,39,0,0,24.1499996,Southampton,1
1287,0,3rd,male,24,0,0,9.5,Southampton,1
1288,0,3rd,female,25,0,0,7.7750001,Southampton,1
1289,0,3rd,female,45,0,0,7.75,Southampton,1
1290,0,3rd,male,36,1,0,15.5500002,Southampton,0
1291,0,1st,male,50,1,0,106.425003,Cherbourg,0
1292,0,3rd,female,30,1,0,15.5500002,Southampton,0
1293,1,3rd,male,20,1,0,7.92500019,Southampton,0
1294,0,3rd,male,28,0,0,56.4958,Southampton,1
1295,0,3rd,male,30,1,0,16.1000004,Southampton,0
1296,0,3rd,female,26,1,0,16.1000004,Southampton,0
1297,0,3rd,male,20.5,0,0,7.25,Southampton,1
1298,1,3rd,male,27,0,0,8.66250038,Southampton,1
1299,1,1st,female,27,1,1,247.520798,Cherbourg,0
1300,0,3rd,male,51,0,0,7.05420017,Southampton,1
1301,1,3rd,female,23,0,0,7.85419989,Southampton,1
1302,1,3rd,male,32,0,0,7.57919979,Southampton,1
1303,1,3rd,male,24,0,0,7.14169979,Southampton,1
1304,0,3rd,male,22,0,0,7.125,Southampton,1
1305,1,1st,female,48,1,0,106.425003,Cherbourg,0
1306,0,3rd,male,29,0,0,7.92500019,Southampton,1
1307,0,3rd,female,30.5,0,0,7.75,Queenstown,1
1308,0,3rd,male,35,0,0,7.89580011,Cherbourg,1
1309,0,3rd,male,33,0,0,7.89580011,Southampton,1
